country,year,section,total_words,negative_count,positive_count,negative_ratio,positive_ratio,net_sentiment,accession_year,chapter_number,closure_year,years_to_closure,years_to_accession
Estonia,1998,Chapter 1: Free movement of Goods,350,7,6,20.0,17.142857142857142,-2.8571428571428577,2004,1,2000.0,2.0,6
Estonia,1998,Chapter 2: Free movement of Persons,146,0,0,0.0,0.0,0.0,2004,2,2002.0,4.0,6
Estonia,1998,Chapter 3: Freedom to provide services,192,5,0,26.041666666666668,0.0,-26.041666666666668,2004,3,2001.0,3.0,6
Estonia,1998,Chapter 4: Free movement of capital,92,0,1,0.0,10.869565217391305,10.869565217391305,2004,4,2000.0,2.0,6
Estonia,1998,Chapter 6: Competition policy,114,1,0,8.771929824561402,0.0,-8.771929824561402,2004,6,2001.0,3.0,6
Estonia,1998,Chapter 7: Agriculture,553,12,6,21.699819168173597,10.849909584086799,-10.849909584086799,2004,7,2002.0,4.0,6
Estonia,1998,Chapter 8: Fisheries,48,1,0,20.833333333333332,0.0,-20.833333333333332,2004,8,2000.0,2.0,6
Estonia,1998,Chapter 9: Transport policy,373,9,7,24.128686327077748,18.766756032171582,-5.361930294906166,2004,9,2002.0,4.0,6
Estonia,1998,Chapter 10: Taxation,291,0,4,0.0,13.745704467353951,13.745704467353951,2004,10,2002.0,4.0,6
Estonia,1998,Chapter 11: Economic and Monetary Union,72,2,3,27.777777777777775,41.666666666666664,13.88888888888889,2004,11,1999.0,1.0,6
Estonia,1998,Chapter 12: Statistics,237,0,4,0.0,16.877637130801688,16.877637130801688,2004,12,1999.0,1.0,6
Estonia,1998,Chapter 13: Social Policy and Employment,304,7,6,23.02631578947368,19.736842105263158,-3.289473684210524,2004,13,2000.0,2.0,6
Estonia,1998,Chapter 14: Energy,458,6,8,13.100436681222707,17.46724890829694,4.366812227074234,2004,14,2002.0,4.0,6
Estonia,1998,Chapter 15: Industry,393,8,8,20.356234096692113,20.356234096692113,0.0,2004,15,1999.0,1.0,6
Estonia,1998,Chapter 16: Small and Medium Enterprises,77,0,2,0.0,25.974025974025977,25.974025974025977,2004,16,1998.0,0.0,6
Estonia,1998,Chapter 17: Science and research,110,0,2,0.0,18.18181818181818,18.18181818181818,2004,17,1998.0,0.0,6
Estonia,1998,Chapter 18: Education and Training,87,0,3,0.0,34.48275862068965,34.48275862068965,2004,18,1998.0,0.0,6
Estonia,1998,Chapter 19: Telecommunications and information technologies,134,2,2,14.925373134328359,14.925373134328359,0.0,2004,19,1999.0,1.0,6
Estonia,1998,Chapter 20: Culture and audio-visual policy,86,0,3,0.0,34.883720930232556,34.883720930232556,2004,20,2000.0,2.0,6
Estonia,1998,Chapter 21: Regional Policy and co-ordination of structural instruments,270,2,6,7.407407407407407,22.22222222222222,14.814814814814813,2004,21,2002.0,4.0,6
Estonia,1998,Chapter 22: Environment,265,3,4,11.320754716981131,15.09433962264151,3.7735849056603783,2004,22,2001.0,3.0,6
Estonia,1998,Chapter 23: Consumers and health protection,93,4,1,43.01075268817205,10.752688172043012,-32.25806451612904,2004,23,1999.0,1.0,6
Estonia,1998,Chapter 24: Co-operation in the field of justice and home affairs,982,31,10,31.568228105906314,10.183299389002038,-21.384928716904277,2004,24,2002.0,4.0,6
Estonia,1998,Chapter 25: Customs union,347,4,5,11.527377521613833,14.40922190201729,2.8818443804034573,2004,25,2002.0,4.0,6
Estonia,1998,Chapter 26: External relations,205,1,1,4.878048780487805,4.878048780487805,0.0,2004,26,2000.0,2.0,6
Estonia,1998,Chapter 27: Common Foreign and Security Policy,236,0,5,0.0,21.1864406779661,21.1864406779661,2004,27,2000.0,2.0,6
Estonia,1998,Chapter 28: Financial Control,122,1,1,8.196721311475411,8.196721311475411,0.0,2004,28,2001.0,3.0,6
Estonia,1999,Chapter 1: Free movement of Goods,468,7,10,14.957264957264957,21.367521367521366,6.410256410256409,2004,1,2000.0,1.0,5
Estonia,1999,Chapter 2: Free movement of Persons,98,0,1,0.0,10.204081632653061,10.204081632653061,2004,2,2002.0,3.0,5
Estonia,1999,Chapter 3: Freedom to provide services,278,4,4,14.388489208633095,14.388489208633095,0.0,2004,3,2001.0,2.0,5
Estonia,1999,Chapter 4: Free movement of capital,142,3,0,21.12676056338028,0.0,-21.12676056338028,2004,4,2000.0,1.0,5
Estonia,1999,Chapter 6: Competition policy,197,2,4,10.15228426395939,20.30456852791878,10.15228426395939,2004,6,2001.0,2.0,5
Estonia,1999,Chapter 7: Agriculture,1056,30,10,28.409090909090907,9.46969696969697,-18.939393939393938,2004,7,2002.0,3.0,5
Estonia,1999,Chapter 8: Fisheries,136,2,1,14.705882352941176,7.352941176470588,-7.352941176470588,2004,8,2000.0,1.0,5
Estonia,1999,Chapter 9: Transport policy,600,8,8,13.333333333333334,13.333333333333334,0.0,2004,9,2002.0,3.0,5
Estonia,1999,Chapter 10: Taxation,246,4,2,16.260162601626018,8.130081300813009,-8.130081300813009,2004,10,2002.0,3.0,5
Estonia,1999,Chapter 11: Economic and Monetary Union,140,0,2,0.0,14.285714285714285,14.285714285714285,2004,11,1999.0,0.0,5
Estonia,1999,Chapter 12: Statistics,243,2,6,8.23045267489712,24.691358024691358,16.46090534979424,2004,12,1999.0,0.0,5
Estonia,1999,Chapter 13: Social Policy and Employment,393,8,6,20.356234096692113,15.267175572519083,-5.08905852417303,2004,13,2000.0,1.0,5
Estonia,1999,Chapter 14: Energy,591,8,10,13.536379018612521,16.920473773265652,3.3840947546531304,2004,14,2002.0,3.0,5
Estonia,1999,Chapter 15: Industry,355,13,6,36.61971830985915,16.901408450704224,-19.718309859154928,2004,15,1999.0,0.0,5
Estonia,1999,Chapter 16: Small and Medium Enterprises,105,0,1,0.0,9.523809523809526,9.523809523809526,2004,16,1998.0,-1.0,5
Estonia,1999,Chapter 17: Science and research,93,0,1,0.0,10.752688172043012,10.752688172043012,2004,17,1998.0,-1.0,5
Estonia,1999,Chapter 18: Education and Training,144,0,3,0.0,20.833333333333332,20.833333333333332,2004,18,1998.0,-1.0,5
Estonia,1999,Chapter 19: Telecommunications and information technologies,202,0,3,0.0,14.85148514851485,14.85148514851485,2004,19,1999.0,0.0,5
Estonia,1999,Chapter 20: Culture and audio-visual policy,80,2,1,25.0,12.5,-12.5,2004,20,2000.0,1.0,5
Estonia,1999,Chapter 21: Regional Policy and co-ordination of structural instruments,436,2,8,4.587155963302752,18.34862385321101,13.761467889908257,2004,21,2002.0,3.0,5
Estonia,1999,Chapter 22: Environment,1047,17,11,16.236867239732568,10.506208213944603,-5.730659025787965,2004,22,2001.0,2.0,5
Estonia,1999,Chapter 23: Consumers and health protection,98,4,1,40.816326530612244,10.204081632653061,-30.612244897959183,2004,23,1999.0,0.0,5
Estonia,1999,Chapter 24: Co-operation in the field of justice and home affairs,1018,41,10,40.27504911591355,9.823182711198427,-30.451866404715126,2004,24,2002.0,3.0,5
Estonia,1999,Chapter 25: Customs union,308,7,1,22.727272727272727,3.246753246753247,-19.48051948051948,2004,25,2002.0,3.0,5
Estonia,1999,Chapter 26: External relations,274,0,2,0.0,7.299270072992701,7.299270072992701,2004,26,2000.0,1.0,5
Estonia,1999,Chapter 27: Common Foreign and Security Policy,233,4,3,17.167381974248926,12.875536480686696,-4.29184549356223,2004,27,2000.0,1.0,5
Estonia,1999,Chapter 28: Financial Control,404,3,2,7.425742574257425,4.9504950495049505,-2.475247524752475,2004,28,2001.0,2.0,5
Estonia,2000,Chapter 1: Free movement of Goods,1213,13,17,10.717230008244023,14.014839241549877,3.297609233305854,2004,1,2000.0,0.0,4
Estonia,2000,Chapter 2: Free movement of Persons,507,4,4,7.889546351084813,7.889546351084813,0.0,2004,2,2002.0,2.0,4
Estonia,2000,Chapter 3: Freedom to provide services,929,10,14,10.764262648008613,15.069967707212056,4.305705059203444,2004,3,2001.0,1.0,4
Estonia,2000,Chapter 4: Free movement of capital,474,18,8,37.9746835443038,16.877637130801688,-21.097046413502113,2004,4,2000.0,0.0,4
Estonia,2000,Chapter 5: Company law,849,18,11,21.20141342756184,12.956419316843345,-8.244994110718494,2004,5,2000.0,0.0,4
Estonia,2000,Chapter 6: Competition policy,780,11,12,14.102564102564102,15.384615384615385,1.2820512820512828,2004,6,2001.0,1.0,4
Estonia,2000,Chapter 7: Agriculture,3127,39,32,12.472017908538534,10.233450591621363,-2.2385673169171714,2004,7,2002.0,2.0,4
Estonia,2000,Chapter 8: Fisheries,769,4,10,5.201560468140443,13.003901170351105,7.802340702210662,2004,8,2000.0,0.0,4
Estonia,2000,Chapter 9: Transport policy,1086,12,8,11.049723756906078,7.366482504604051,-3.683241252302026,2004,9,2002.0,2.0,4
Estonia,2000,Chapter 10: Taxation,622,10,7,16.07717041800643,11.254019292604502,-4.823151125401926,2004,10,2002.0,2.0,4
Estonia,2000,Chapter 11: Economic and Monetary Union,314,0,1,0.0,3.1847133757961785,3.1847133757961785,2004,11,1999.0,-1.0,4
Estonia,2000,Chapter 12: Statistics,411,1,7,2.4330900243309004,17.0316301703163,14.598540145985401,2004,12,1999.0,-1.0,4
Estonia,2000,Chapter 13: Social Policy and Employment,1410,25,17,17.73049645390071,12.056737588652481,-5.673758865248228,2004,13,2000.0,0.0,4
Estonia,2000,Chapter 14: Energy,552,3,8,5.434782608695652,14.492753623188406,9.057971014492754,2004,14,2002.0,2.0,4
Estonia,2000,Chapter 15: Industry,499,9,8,18.03607214428858,16.03206412825651,-2.004008016032067,2004,15,1999.0,-1.0,4
Estonia,2000,Chapter 16: Small and Medium Enterprises,378,2,5,5.291005291005291,13.227513227513226,7.936507936507935,2004,16,1998.0,-2.0,4
Estonia,2000,Chapter 17: Science and research,297,0,7,0.0,23.56902356902357,23.56902356902357,2004,17,1998.0,-2.0,4
Estonia,2000,Chapter 18: Education and Training,413,3,7,7.263922518159807,16.949152542372882,9.685230024213077,2004,18,1998.0,-2.0,4
Estonia,2000,Chapter 19: Telecommunications and information technologies,581,2,7,3.442340791738382,12.048192771084338,8.605851979345957,2004,19,1999.0,-1.0,4
Estonia,2000,Chapter 20: Culture and audio-visual policy,256,0,5,0.0,19.53125,19.53125,2004,20,2000.0,0.0,4
Estonia,2000,Chapter 21: Regional Policy and co-ordination of structural instruments,789,5,9,6.337135614702154,11.406844106463879,5.069708491761725,2004,21,2002.0,2.0,4
Estonia,2000,Chapter 22: Environment,1744,23,19,13.188073394495413,10.894495412844037,-2.293577981651376,2004,22,2001.0,1.0,4
Estonia,2000,Chapter 23: Consumers and health protection,382,10,4,26.17801047120419,10.471204188481677,-15.706806282722512,2004,23,1999.0,-1.0,4
Estonia,2000,Chapter 24: Co-operation in the field of justice and home affairs,2128,85,24,39.943609022556394,11.278195488721805,-28.665413533834588,2004,24,2002.0,2.0,4
Estonia,2000,Chapter 25: Customs union,776,16,16,20.61855670103093,20.61855670103093,0.0,2004,25,2002.0,2.0,4
Estonia,2000,Chapter 26: External relations,671,3,7,4.470938897168406,10.432190760059614,5.961251862891208,2004,26,2000.0,0.0,4
Estonia,2000,Chapter 27: Common Foreign and Security Policy,452,1,7,2.2123893805309733,15.486725663716815,13.274336283185841,2004,27,2000.0,0.0,4
Estonia,2000,Chapter 28: Financial Control,844,9,9,10.66350710900474,10.66350710900474,0.0,2004,28,2001.0,1.0,4
Estonia,2000,Chapter 29: Financial and budgetary provisions,334,3,6,8.982035928143713,17.964071856287426,8.982035928143713,2004,29,2002.0,2.0,4
Estonia,2001,Chapter 1: Free movement of Goods,1043,15,12,14.381591562799617,11.505273250239693,-2.876318312559924,2004,1,2000.0,-1.0,3
Estonia,2001,Chapter 2: Free movement of Persons,527,4,5,7.590132827324478,9.487666034155597,1.8975332068311186,2004,2,2002.0,1.0,3
Estonia,2001,Chapter 3: Freedom to provide services,864,10,9,11.574074074074073,10.416666666666666,-1.1574074074074066,2004,3,2001.0,0.0,3
Estonia,2001,Chapter 4: Free movement of capital,589,19,4,32.25806451612903,6.791171477079796,-25.466893039049236,2004,4,2000.0,-1.0,3
Estonia,2001,Chapter 5: Company law,589,24,12,40.74702886247878,20.37351443123939,-20.37351443123939,2004,5,2000.0,-1.0,3
Estonia,2001,Chapter 6: Competition policy,508,9,7,17.716535433070867,13.779527559055119,-3.937007874015748,2004,6,2001.0,0.0,3
Estonia,2001,Chapter 7: Agriculture,3050,32,39,10.491803278688524,12.786885245901638,2.2950819672131146,2004,7,2002.0,1.0,3
Estonia,2001,Chapter 8: Fisheries,1330,8,20,6.015037593984963,15.037593984962406,9.022556390977442,2004,8,2000.0,-1.0,3
Estonia,2001,Chapter 9: Transport policy,907,14,14,15.435501653803748,15.435501653803748,0.0,2004,9,2002.0,1.0,3
Estonia,2001,Chapter 10: Taxation,489,12,5,24.539877300613497,10.224948875255624,-14.314928425357873,2004,10,2002.0,1.0,3
Estonia,2001,Chapter 11: Economic and Monetary Union,284,2,0,7.042253521126761,0.0,-7.042253521126761,2004,11,1999.0,-2.0,3
Estonia,2001,Chapter 12: Statistics,582,0,9,0.0,15.463917525773196,15.463917525773196,2004,12,1999.0,-2.0,3
Estonia,2001,Chapter 13: Social Policy and Employment,1320,28,21,21.212121212121215,15.909090909090908,-5.303030303030306,2004,13,2000.0,-1.0,3
Estonia,2001,Chapter 14: Energy,891,13,13,14.590347923681257,14.590347923681257,0.0,2004,14,2002.0,1.0,3
Estonia,2001,Chapter 15: Industry,805,8,8,9.937888198757765,9.937888198757765,0.0,2004,15,1999.0,-2.0,3
Estonia,2001,Chapter 16: Small and Medium Enterprises,502,5,12,9.9601593625498,23.904382470119522,13.944223107569721,2004,16,1998.0,-3.0,3
Estonia,2001,Chapter 17: Science and research,214,0,6,0.0,28.037383177570092,28.037383177570092,2004,17,1998.0,-3.0,3
Estonia,2001,Chapter 18: Education and Training,347,1,8,2.881844380403458,23.054755043227665,20.172910662824208,2004,18,1998.0,-3.0,3
Estonia,2001,Chapter 19: Telecommunications and information technologies,776,8,11,10.309278350515465,14.175257731958762,3.8659793814432977,2004,19,1999.0,-2.0,3
Estonia,2001,Chapter 20: Culture and audio-visual policy,207,1,2,4.830917874396135,9.66183574879227,4.830917874396135,2004,20,2000.0,-1.0,3
Estonia,2001,Chapter 21: Regional Policy and co-ordination of structural instruments,922,2,16,2.1691973969631237,17.35357917570499,15.184381778741866,2004,21,2002.0,1.0,3
Estonia,2001,Chapter 22: Environment,1203,12,15,9.975062344139651,12.468827930174564,2.493765586034913,2004,22,2001.0,0.0,3
Estonia,2001,Chapter 23: Consumers and health protection,471,10,4,21.231422505307854,8.492569002123142,-12.738853503184712,2004,23,1999.0,-2.0,3
Estonia,2001,Chapter 24: Co-operation in the field of justice and home affairs,2062,59,32,28.612997090203685,15.518913676042677,-13.094083414161007,2004,24,2002.0,1.0,3
Estonia,2001,Chapter 25: Customs union,826,18,10,21.791767554479417,12.106537530266344,-9.685230024213073,2004,25,2002.0,1.0,3
Estonia,2001,Chapter 26: External relations,781,5,2,6.402048655569782,2.560819462227913,-3.8412291933418694,2004,26,2000.0,-1.0,3
Estonia,2001,Chapter 27: Common Foreign and Security Policy,595,5,7,8.403361344537815,11.76470588235294,3.3613445378151248,2004,27,2000.0,-1.0,3
Estonia,2001,Chapter 28: Financial Control,549,7,12,12.750455373406194,21.85792349726776,9.107468123861565,2004,28,2001.0,0.0,3
Estonia,2001,Chapter 29: Financial and budgetary provisions,632,6,12,9.49367088607595,18.9873417721519,9.49367088607595,2004,29,2002.0,1.0,3
Estonia,2002,Chapter 1: Free movement of Goods,1319,19,12,14.404852160727824,9.097801364670204,-5.30705079605762,2004,1,2000.0,-2.0,2
Estonia,2002,Chapter 2: Free movement of Persons,875,7,13,8.0,14.857142857142858,6.857142857142858,2004,2,2002.0,0.0,2
Estonia,2002,Chapter 3: Freedom to provide services,906,15,7,16.55629139072848,7.72626931567329,-8.83002207505519,2004,3,2001.0,-1.0,2
Estonia,2002,Chapter 4: Free movement of capital,717,18,11,25.10460251046025,15.341701534170154,-9.762900976290096,2004,4,2000.0,-2.0,2
Estonia,2002,Chapter 5: Company law,794,15,13,18.891687657430733,16.3727959697733,-2.518891687657433,2004,5,2000.0,-2.0,2
Estonia,2002,Chapter 6: Competition policy,823,16,11,19.441069258809232,13.365735115431349,-6.075334143377884,2004,6,2001.0,-1.0,2
Estonia,2002,Chapter 7: Agriculture,2638,17,31,6.444275966641395,11.751326762699014,5.307050796057619,2004,7,2002.0,0.0,2
Estonia,2002,Chapter 8: Fisheries,1411,13,16,9.213323883770375,11.339475549255848,2.126151665485473,2004,8,2000.0,-2.0,2
Estonia,2002,Chapter 9: Transport policy,1100,14,21,12.727272727272728,19.090909090909093,6.363636363636365,2004,9,2002.0,0.0,2
Estonia,2002,Chapter 10: Taxation,917,24,9,26.172300981461287,9.814612868047982,-16.357688113413303,2004,10,2002.0,0.0,2
Estonia,2002,Chapter 11: Economic and Monetary Union,463,4,3,8.639308855291578,6.479481641468682,-2.1598272138228953,2004,11,1999.0,-3.0,2
Estonia,2002,Chapter 12: Statistics,876,10,16,11.415525114155251,18.2648401826484,6.849315068493148,2004,12,1999.0,-3.0,2
Estonia,2002,Chapter 13: Social Policy and Employment,1851,20,34,10.804970286331713,18.36844948676391,7.563479200432198,2004,13,2000.0,-2.0,2
Estonia,2002,Chapter 14: Energy,1351,20,25,14.803849000740191,18.504811250925243,3.700962250185052,2004,14,2002.0,0.0,2
Estonia,2002,Chapter 15: Industry,910,10,17,10.989010989010989,18.681318681318682,7.692307692307693,2004,15,1999.0,-3.0,2
Estonia,2002,Chapter 16: Small and Medium Enterprises,892,10,21,11.210762331838565,23.542600896860986,12.331838565022421,2004,16,1998.0,-4.0,2
Estonia,2002,Chapter 17: Science and research,471,3,12,6.369426751592357,25.477707006369428,19.10828025477707,2004,17,1998.0,-4.0,2
Estonia,2002,Chapter 18: Education and Training,533,3,8,5.628517823639775,15.0093808630394,9.380863039399625,2004,18,1998.0,-4.0,2
Estonia,2002,Chapter 19: Telecommunications and information technologies,889,4,11,4.499437570303712,12.373453318335208,7.874015748031496,2004,19,1999.0,-3.0,2
Estonia,2002,Chapter 20: Culture and audio-visual policy,425,2,3,4.705882352941176,7.058823529411765,2.3529411764705896,2004,20,2000.0,-2.0,2
Estonia,2002,Chapter 21: Regional Policy and co-ordination of structural instruments,1238,7,19,5.654281098546042,15.347334410339256,9.693053311793214,2004,21,2002.0,0.0,2
Estonia,2002,Chapter 22: Environment,1417,17,25,11.997177134791814,17.642907551164434,5.64573041637262,2004,22,2001.0,-1.0,2
Estonia,2002,Chapter 23: Consumers and health protection,809,14,17,17.3053152039555,21.013597033374538,3.708281829419036,2004,23,1999.0,-3.0,2
Estonia,2002,Chapter 24: Co-operation in the field of justice and home affairs,3442,105,48,30.5055200464846,13.945380592678676,-16.560139453805924,2004,24,2002.0,0.0,2
Estonia,2002,Chapter 25: Customs union,803,18,15,22.415940224159403,18.679950186799502,-3.735990037359901,2004,25,2002.0,0.0,2
Estonia,2002,Chapter 26: External relations,1043,15,8,14.381591562799617,7.670182166826462,-6.711409395973155,2004,26,2000.0,-2.0,2
Estonia,2002,Chapter 27: Common Foreign and Security Policy,789,6,8,7.604562737642586,10.139416983523446,2.5348542458808607,2004,27,2000.0,-2.0,2
Estonia,2002,Chapter 28: Financial Control,1157,10,21,8.64304235090752,18.15038893690579,9.507346585998272,2004,28,2001.0,-1.0,2
Estonia,2002,Chapter 29: Financial and budgetary provisions,1277,9,26,7.047768206734534,20.360219263899765,13.31245105716523,2004,29,2002.0,0.0,2
Latvia,1998,Chapter 1: Free movement of Goods,225,5,4,22.22222222222222,17.77777777777778,-4.444444444444443,2004,1,2001.0,3.0,6
Latvia,1998,Chapter 2: Free movement of Persons,85,0,0,0.0,0.0,0.0,2004,2,2001.0,3.0,6
Latvia,1998,Chapter 3: Freedom to provide services,247,2,2,8.097165991902834,8.097165991902834,0.0,2004,3,2001.0,3.0,6
Latvia,1998,Chapter 4: Free movement of capital,47,0,0,0.0,0.0,0.0,2004,4,2001.0,3.0,6
Latvia,1998,Chapter 6: Competition policy,227,6,0,26.431718061674008,0.0,-26.431718061674008,2004,6,2001.0,3.0,6
Latvia,1998,Chapter 7: Agriculture,572,11,8,19.230769230769234,13.986013986013987,-5.244755244755247,2004,7,2002.0,4.0,6
Latvia,1998,Chapter 8: Fisheries,59,0,0,0.0,0.0,0.0,2004,8,2001.0,3.0,6
Latvia,1998,Chapter 9: Transport policy,278,1,6,3.5971223021582737,21.58273381294964,17.98561151079137,2004,9,2001.0,3.0,6
Latvia,1998,Chapter 10: Taxation,281,4,1,14.234875444839856,3.558718861209964,-10.676156583629892,2004,10,2002.0,4.0,6
Latvia,1998,Chapter 11: Economic and Monetary Union,35,0,1,0.0,28.57142857142857,28.57142857142857,2004,11,2000.0,2.0,6
Latvia,1998,Chapter 12: Statistics,127,2,3,15.748031496062993,23.62204724409449,7.874015748031496,2004,12,2000.0,2.0,6
Latvia,1998,Chapter 13: Social Policy and Employment,176,6,2,34.090909090909086,11.363636363636363,-22.727272727272723,2004,13,2001.0,3.0,6
Latvia,1998,Chapter 14: Energy,295,2,7,6.779661016949152,23.728813559322035,16.949152542372882,2004,14,2001.0,3.0,6
Latvia,1998,Chapter 15: Industry,323,4,7,12.38390092879257,21.671826625387,9.287925696594428,2004,15,2000.0,2.0,6
Latvia,1998,Chapter 16: Small and Medium Enterprises,55,0,1,0.0,18.18181818181818,18.18181818181818,2004,16,2000.0,2.0,6
Latvia,1998,Chapter 17: Science and research,56,0,1,0.0,17.857142857142858,17.857142857142858,2004,17,2000.0,2.0,6
Latvia,1998,Chapter 18: Education and Training,51,0,1,0.0,19.607843137254903,19.607843137254903,2004,18,2000.0,2.0,6
Latvia,1998,Chapter 19: Telecommunications and information technologies,187,3,1,16.0427807486631,5.347593582887701,-10.695187165775401,2004,19,2002.0,4.0,6
Latvia,1998,Chapter 20: Culture and audio-visual policy,89,0,1,0.0,11.235955056179774,11.235955056179774,2004,20,2001.0,3.0,6
Latvia,1998,Chapter 21: Regional Policy and co-ordination of structural instruments,225,3,5,13.333333333333334,22.22222222222222,8.888888888888888,2004,21,2002.0,4.0,6
Latvia,1998,Chapter 22: Environment,305,1,6,3.278688524590164,19.672131147540984,16.393442622950822,2004,22,2001.0,3.0,6
Latvia,1998,Chapter 23: Consumers and health protection,89,2,2,22.47191011235955,22.47191011235955,0.0,2004,23,2000.0,2.0,6
Latvia,1998,Chapter 24: Co-operation in the field of justice and home affairs,840,35,9,41.666666666666664,10.714285714285714,-30.95238095238095,2004,24,2002.0,4.0,6
Latvia,1998,Chapter 25: Customs union,229,1,0,4.366812227074235,0.0,-4.366812227074235,2004,25,2001.0,3.0,6
Latvia,1998,Chapter 26: External relations,509,4,1,7.858546168958742,1.9646365422396854,-5.893909626719056,2004,26,2000.0,2.0,6
Latvia,1998,Chapter 27: Common Foreign and Security Policy,305,1,3,3.278688524590164,9.836065573770492,6.557377049180328,2004,27,2000.0,2.0,6
Latvia,1998,Chapter 28: Financial Control,97,0,3,0.0,30.927835051546392,30.927835051546392,2004,28,2001.0,3.0,6
Latvia,1999,Chapter 1: Free movement of Goods,475,2,7,4.2105263157894735,14.736842105263158,10.526315789473685,2004,1,2001.0,2.0,5
Latvia,1999,Chapter 2: Free movement of Persons,47,0,0,0.0,0.0,0.0,2004,2,2001.0,2.0,5
Latvia,1999,Chapter 3: Freedom to provide services,391,11,5,28.132992327365727,12.78772378516624,-15.345268542199488,2004,3,2001.0,2.0,5
Latvia,1999,Chapter 4: Free movement of capital,111,0,0,0.0,0.0,0.0,2004,4,2001.0,2.0,5
Latvia,1999,Chapter 6: Competition policy,312,4,3,12.82051282051282,9.615384615384617,-3.2051282051282026,2004,6,2001.0,2.0,5
Latvia,1999,Chapter 7: Agriculture,844,14,15,16.587677725118485,17.77251184834123,1.1848341232227462,2004,7,2002.0,3.0,5
Latvia,1999,Chapter 8: Fisheries,190,1,1,5.263157894736842,5.263157894736842,0.0,2004,8,2001.0,2.0,5
Latvia,1999,Chapter 9: Transport policy,503,11,5,21.86878727634195,9.940357852882704,-11.928429423459248,2004,9,2001.0,2.0,5
Latvia,1999,Chapter 10: Taxation,217,3,1,13.82488479262673,4.608294930875576,-9.216589861751153,2004,10,2002.0,3.0,5
Latvia,1999,Chapter 11: Economic and Monetary Union,146,0,1,0.0,6.8493150684931505,6.8493150684931505,2004,11,2000.0,1.0,5
Latvia,1999,Chapter 12: Statistics,277,3,4,10.830324909747292,14.44043321299639,3.610108303249099,2004,12,2000.0,1.0,5
Latvia,1999,Chapter 13: Social Policy and Employment,380,17,8,44.73684210526316,21.052631578947366,-23.68421052631579,2004,13,2001.0,2.0,5
Latvia,1999,Chapter 14: Energy,538,6,11,11.152416356877323,20.44609665427509,9.293680297397769,2004,14,2001.0,2.0,5
Latvia,1999,Chapter 15: Industry,307,7,9,22.80130293159609,29.315960912052116,6.514657980456025,2004,15,2000.0,1.0,5
Latvia,1999,Chapter 16: Small and Medium Enterprises,138,0,1,0.0,7.246376811594203,7.246376811594203,2004,16,2000.0,1.0,5
Latvia,1999,Chapter 17: Science and research,117,1,1,8.547008547008549,8.547008547008549,0.0,2004,17,2000.0,1.0,5
Latvia,1999,Chapter 18: Education and Training,115,0,1,0.0,8.695652173913043,8.695652173913043,2004,18,2000.0,1.0,5
Latvia,1999,Chapter 19: Telecommunications and information technologies,324,4,3,12.345679012345679,9.25925925925926,-3.0864197530864192,2004,19,2002.0,3.0,5
Latvia,1999,Chapter 20: Culture and audio-visual policy,153,5,4,32.67973856209151,26.143790849673202,-6.535947712418306,2004,20,2001.0,2.0,5
Latvia,1999,Chapter 21: Regional Policy and co-ordination of structural instruments,364,1,4,2.7472527472527473,10.989010989010989,8.241758241758241,2004,21,2002.0,3.0,5
Latvia,1999,Chapter 22: Environment,955,16,18,16.753926701570684,18.848167539267017,2.094240837696333,2004,22,2001.0,2.0,5
Latvia,1999,Chapter 23: Consumers and health protection,143,2,1,13.986013986013987,6.993006993006993,-6.993006993006993,2004,23,2000.0,1.0,5
Latvia,1999,Chapter 24: Co-operation in the field of justice and home affairs,1084,35,17,32.28782287822878,15.682656826568264,-16.605166051660518,2004,24,2002.0,3.0,5
Latvia,1999,Chapter 25: Customs union,267,3,1,11.235955056179774,3.745318352059925,-7.490636704119849,2004,25,2001.0,2.0,5
Latvia,1999,Chapter 26: External relations,592,5,3,8.445945945945946,5.0675675675675675,-3.378378378378378,2004,26,2000.0,1.0,5
Latvia,1999,Chapter 27: Common Foreign and Security Policy,246,3,2,12.195121951219512,8.130081300813009,-4.0650406504065035,2004,27,2000.0,1.0,5
Latvia,1999,Chapter 28: Financial Control,203,3,0,14.778325123152708,0.0,-14.778325123152708,2004,28,2001.0,2.0,5
Latvia,2000,Chapter 1: Free movement of Goods,1496,15,28,10.026737967914439,18.71657754010695,8.689839572192511,2004,1,2001.0,1.0,4
Latvia,2000,Chapter 2: Free movement of Persons,396,2,8,5.050505050505051,20.202020202020204,15.151515151515152,2004,2,2001.0,1.0,4
Latvia,2000,Chapter 3: Freedom to provide services,988,3,27,3.0364372469635628,27.327935222672068,24.291497975708506,2004,3,2001.0,1.0,4
Latvia,2000,Chapter 4: Free movement of capital,693,16,18,23.08802308802309,25.974025974025977,2.8860028860028883,2004,4,2001.0,1.0,4
Latvia,2000,Chapter 5: Company law,991,18,22,18.163471241170534,22.199798183652877,4.036326942482344,2004,5,2001.0,1.0,4
Latvia,2000,Chapter 6: Competition policy,731,16,11,21.88782489740082,15.047879616963064,-6.839945280437755,2004,6,2001.0,1.0,4
Latvia,2000,Chapter 7: Agriculture,2827,22,26,7.782101167315175,9.19702865228157,1.4149274849663955,2004,7,2002.0,2.0,4
Latvia,2000,Chapter 8: Fisheries,651,3,9,4.608294930875576,13.82488479262673,9.216589861751153,2004,8,2001.0,1.0,4
Latvia,2000,Chapter 9: Transport policy,1309,25,13,19.098548510313215,9.931245225362872,-9.167303284950343,2004,9,2001.0,1.0,4
Latvia,2000,Chapter 10: Taxation,679,10,21,14.727540500736376,30.927835051546392,16.200294550810014,2004,10,2002.0,2.0,4
Latvia,2000,Chapter 11: Economic and Monetary Union,408,2,4,4.901960784313726,9.803921568627452,4.901960784313726,2004,11,2000.0,0.0,4
Latvia,2000,Chapter 12: Statistics,654,12,19,18.34862385321101,29.051987767584098,10.703363914373089,2004,12,2000.0,0.0,4
Latvia,2000,Chapter 13: Social Policy and Employment,1530,15,22,9.803921568627452,14.37908496732026,4.575163398692808,2004,13,2001.0,1.0,4
Latvia,2000,Chapter 14: Energy,1104,12,10,10.869565217391305,9.057971014492754,-1.8115942028985508,2004,14,2001.0,1.0,4
Latvia,2000,Chapter 15: Industry,1061,29,17,27.332704995287468,16.022620169651272,-11.310084825636196,2004,15,2000.0,0.0,4
Latvia,2000,Chapter 16: Small and Medium Enterprises,774,7,18,9.04392764857881,23.25581395348837,14.21188630490956,2004,16,2000.0,0.0,4
Latvia,2000,Chapter 17: Science and research,262,0,3,0.0,11.450381679389313,11.450381679389313,2004,17,2000.0,0.0,4
Latvia,2000,Chapter 18: Education and Training,486,0,4,0.0,8.23045267489712,8.23045267489712,2004,18,2000.0,0.0,4
Latvia,2000,Chapter 19: Telecommunications and information technologies,664,13,2,19.57831325301205,3.0120481927710845,-16.566265060240966,2004,19,2002.0,2.0,4
Latvia,2000,Chapter 20: Culture and audio-visual policy,344,6,9,17.441860465116278,26.16279069767442,8.720930232558143,2004,20,2001.0,1.0,4
Latvia,2000,Chapter 21: Regional Policy and co-ordination of structural instruments,824,4,10,4.854368932038835,12.135922330097086,7.281553398058252,2004,21,2002.0,2.0,4
Latvia,2000,Chapter 22: Environment,1699,19,11,11.183048852266039,6.474396703943496,-4.7086521483225425,2004,22,2001.0,1.0,4
Latvia,2000,Chapter 23: Consumers and health protection,455,10,6,21.978021978021978,13.186813186813186,-8.791208791208792,2004,23,2000.0,0.0,4
Latvia,2000,Chapter 24: Co-operation in the field of justice and home affairs,3726,132,67,35.42673107890499,17.98174986580784,-17.444981213097154,2004,24,2002.0,2.0,4
Latvia,2000,Chapter 25: Customs union,987,19,22,19.250253292806487,22.289766970618032,3.039513677811545,2004,25,2001.0,1.0,4
Latvia,2000,Chapter 26: External relations,713,7,2,9.817671809256662,2.805049088359046,-7.012622720897616,2004,26,2000.0,0.0,4
Latvia,2000,Chapter 27: Common Foreign and Security Policy,554,3,9,5.415162454873646,16.24548736462094,10.830324909747294,2004,27,2000.0,0.0,4
Latvia,2000,Chapter 28: Financial Control,1038,6,21,5.780346820809248,20.23121387283237,14.450867052023122,2004,28,2001.0,1.0,4
Latvia,2000,Chapter 29: Financial and budgetary provisions,329,2,5,6.079027355623101,15.197568389057752,9.118541033434651,2004,29,2002.0,2.0,4
Latvia,2001,Chapter 1: Free movement of Goods,1959,18,29,9.188361408882084,14.803471158754466,5.615109749872381,2004,1,2001.0,0.0,3
Latvia,2001,Chapter 2: Free movement of Persons,625,1,9,1.6,14.4,12.8,2004,2,2001.0,0.0,3
Latvia,2001,Chapter 3: Freedom to provide services,1386,11,19,7.936507936507936,13.708513708513708,5.772005772005772,2004,3,2001.0,0.0,3
Latvia,2001,Chapter 4: Free movement of capital,757,23,6,30.383091149273447,7.926023778071334,-22.457067371202115,2004,4,2001.0,0.0,3
Latvia,2001,Chapter 5: Company law,1637,27,21,16.493585827733657,12.828344532681736,-3.6652412950519206,2004,5,2001.0,0.0,3
Latvia,2001,Chapter 6: Competition policy,773,15,7,19.404915912031047,9.055627425614489,-10.349288486416558,2004,6,2001.0,0.0,3
Latvia,2001,Chapter 7: Agriculture,3067,25,19,8.15128790348875,6.19497880665145,-1.9563090968373,2004,7,2002.0,1.0,3
Latvia,2001,Chapter 8: Fisheries,872,3,9,3.4403669724770642,10.321100917431194,6.880733944954129,2004,8,2001.0,0.0,3
Latvia,2001,Chapter 9: Transport policy,1493,26,15,17.414601473543204,10.046885465505694,-7.36771600803751,2004,9,2001.0,0.0,3
Latvia,2001,Chapter 10: Taxation,900,8,12,8.88888888888889,13.333333333333334,4.444444444444445,2004,10,2002.0,1.0,3
Latvia,2001,Chapter 11: Economic and Monetary Union,362,2,1,5.524861878453039,2.7624309392265194,-2.7624309392265194,2004,11,2000.0,-1.0,3
Latvia,2001,Chapter 12: Statistics,1012,7,21,6.91699604743083,20.750988142292492,13.833992094861662,2004,12,2000.0,-1.0,3
Latvia,2001,Chapter 13: Social Policy and Employment,1834,21,24,11.450381679389313,13.086150490730644,1.6357688113413307,2004,13,2001.0,0.0,3
Latvia,2001,Chapter 14: Energy,1221,10,16,8.19000819000819,13.104013104013104,4.914004914004915,2004,14,2001.0,0.0,3
Latvia,2001,Chapter 15: Industry,835,3,12,3.592814371257485,14.37125748502994,10.778443113772454,2004,15,2000.0,-1.0,3
Latvia,2001,Chapter 16: Small and Medium Enterprises,738,14,17,18.970189701897016,23.035230352303522,4.065040650406505,2004,16,2000.0,-1.0,3
Latvia,2001,Chapter 17: Science and research,254,0,8,0.0,31.496062992125985,31.496062992125985,2004,17,2000.0,-1.0,3
Latvia,2001,Chapter 18: Education and Training,407,0,6,0.0,14.742014742014742,14.742014742014742,2004,18,2000.0,-1.0,3
Latvia,2001,Chapter 19: Telecommunications and information technologies,655,11,8,16.793893129770993,12.213740458015266,-4.580152671755727,2004,19,2002.0,1.0,3
Latvia,2001,Chapter 20: Culture and audio-visual policy,402,4,3,9.950248756218905,7.462686567164179,-2.4875621890547253,2004,20,2001.0,0.0,3
Latvia,2001,Chapter 21: Regional Policy and co-ordination of structural instruments,1316,3,17,2.2796352583586623,12.917933130699089,10.638297872340427,2004,21,2002.0,1.0,3
Latvia,2001,Chapter 22: Environment,1764,27,10,15.306122448979592,5.668934240362812,-9.63718820861678,2004,22,2001.0,0.0,3
Latvia,2001,Chapter 23: Consumers and health protection,934,12,13,12.84796573875803,13.918629550321198,1.0706638115631684,2004,23,2000.0,-1.0,3
Latvia,2001,Chapter 24: Co-operation in the field of justice and home affairs,4272,157,71,36.750936329588015,16.619850187265918,-20.131086142322097,2004,24,2002.0,1.0,3
Latvia,2001,Chapter 25: Customs union,1030,20,16,19.41747572815534,15.533980582524272,-3.8834951456310662,2004,25,2001.0,0.0,3
Latvia,2001,Chapter 26: External relations,773,8,0,10.34928848641656,0.0,-10.34928848641656,2004,26,2000.0,-1.0,3
Latvia,2001,Chapter 27: Common Foreign and Security Policy,450,2,6,4.444444444444445,13.333333333333334,8.88888888888889,2004,27,2000.0,-1.0,3
Latvia,2001,Chapter 28: Financial Control,971,8,14,8.2389289392379,14.418125643666324,6.179196704428424,2004,28,2001.0,0.0,3
Latvia,2001,Chapter 29: Financial and budgetary provisions,475,1,9,2.1052631578947367,18.947368421052634,16.842105263157897,2004,29,2002.0,1.0,3
Latvia,2002,Chapter 1: Free movement of Goods,1835,18,33,9.809264305177113,17.983651226158038,8.174386920980925,2004,1,2001.0,-1.0,2
Latvia,2002,Chapter 2: Free movement of Persons,978,2,17,2.044989775051125,17.382413087934562,15.337423312883438,2004,2,2001.0,-1.0,2
Latvia,2002,Chapter 3: Freedom to provide services,1424,17,19,11.938202247191011,13.342696629213483,1.404494382022472,2004,3,2001.0,-1.0,2
Latvia,2002,Chapter 4: Free movement of capital,847,23,8,27.15466351829988,9.445100354191263,-17.709563164108616,2004,4,2001.0,-1.0,2
Latvia,2002,Chapter 5: Company law,1123,25,21,22.261798753339267,18.699910952804988,-3.5618878005342793,2004,5,2001.0,-1.0,2
Latvia,2002,Chapter 6: Competition policy,942,10,21,10.615711252653927,22.292993630573246,11.677282377919319,2004,6,2001.0,-1.0,2
Latvia,2002,Chapter 7: Agriculture,3656,19,42,5.196936542669584,11.487964989059082,6.291028446389498,2004,7,2002.0,0.0,2
Latvia,2002,Chapter 8: Fisheries,1008,6,16,5.952380952380952,15.873015873015872,9.920634920634921,2004,8,2001.0,-1.0,2
Latvia,2002,Chapter 9: Transport policy,1448,14,23,9.668508287292818,15.883977900552487,6.215469613259669,2004,9,2001.0,-1.0,2
Latvia,2002,Chapter 10: Taxation,1003,16,17,15.952143569292122,16.949152542372882,0.9970089730807601,2004,10,2002.0,0.0,2
Latvia,2002,Chapter 11: Economic and Monetary Union,494,5,5,10.121457489878543,10.121457489878543,0.0,2004,11,2000.0,-2.0,2
Latvia,2002,Chapter 12: Statistics,845,6,28,7.100591715976331,33.13609467455621,26.03550295857988,2004,12,2000.0,-2.0,2
Latvia,2002,Chapter 13: Social Policy and Employment,2378,33,31,13.877207737594619,13.036164844407065,-0.841042893187554,2004,13,2001.0,-1.0,2
Latvia,2002,Chapter 14: Energy,1625,12,31,7.384615384615384,19.076923076923077,11.692307692307693,2004,14,2001.0,-1.0,2
Latvia,2002,Chapter 15: Industry,962,7,30,7.276507276507277,31.185031185031185,23.908523908523907,2004,15,2000.0,-2.0,2
Latvia,2002,Chapter 16: Small and Medium Enterprises,929,12,27,12.917115177610334,29.06350914962325,16.146393972012916,2004,16,2000.0,-2.0,2
Latvia,2002,Chapter 17: Science and research,484,3,6,6.198347107438017,12.396694214876034,6.198347107438017,2004,17,2000.0,-2.0,2
Latvia,2002,Chapter 18: Education and Training,569,4,10,7.0298769771529,17.574692442882252,10.544815465729354,2004,18,2000.0,-2.0,2
Latvia,2002,Chapter 19: Telecommunications and information technologies,853,9,20,10.550996483001173,23.446658851113718,12.895662368112545,2004,19,2002.0,0.0,2
Latvia,2002,Chapter 20: Culture and audio-visual policy,469,2,9,4.264392324093817,19.189765458422176,14.92537313432836,2004,20,2001.0,-1.0,2
Latvia,2002,Chapter 21: Regional Policy and co-ordination of structural instruments,1628,7,19,4.2997542997543,11.67076167076167,7.371007371007371,2004,21,2002.0,0.0,2
Latvia,2002,Chapter 22: Environment,2042,20,48,9.79431929480901,23.506366307541626,13.712047012732615,2004,22,2001.0,-1.0,2
Latvia,2002,Chapter 23: Consumers and health protection,775,18,10,23.225806451612904,12.903225806451612,-10.322580645161292,2004,23,2000.0,-2.0,2
Latvia,2002,Chapter 24: Co-operation in the field of justice and home affairs,5084,176,90,34.61841070023604,17.702596380802518,-16.915814319433522,2004,24,2002.0,0.0,2
Latvia,2002,Chapter 25: Customs union,1178,30,21,25.466893039049236,17.826825127334466,-7.64006791171477,2004,25,2001.0,-1.0,2
Latvia,2002,Chapter 26: External relations,917,13,5,14.176663031624864,5.452562704471101,-8.724100327153764,2004,26,2000.0,-2.0,2
Latvia,2002,Chapter 27: Common Foreign and Security Policy,772,4,8,5.181347150259067,10.362694300518134,5.181347150259067,2004,27,2000.0,-2.0,2
Latvia,2002,Chapter 28: Financial Control,1186,11,20,9.27487352445194,16.863406408094434,7.588532883642495,2004,28,2001.0,-1.0,2
Latvia,2002,Chapter 29: Financial and budgetary provisions,1143,3,22,2.6246719160104988,19.247594050743654,16.622922134733155,2004,29,2002.0,0.0,2
Lithuania,1998,Chapter 1: Free movement of Goods,209,5,4,23.923444976076556,19.138755980861244,-4.784688995215312,2004,1,2001.0,3.0,6
Lithuania,1998,Chapter 2: Free movement of Persons,131,0,4,0.0,30.534351145038165,30.534351145038165,2004,2,2001.0,3.0,6
Lithuania,1998,Chapter 3: Freedom to provide services,186,4,5,21.505376344086024,26.881720430107528,5.376344086021504,2004,3,2001.0,3.0,6
Lithuania,1998,Chapter 4: Free movement of capital,26,0,0,0.0,0.0,0.0,2004,4,2001.0,3.0,6
Lithuania,1998,Chapter 6: Competition policy,100,1,6,10.0,60.0,50.0,2004,6,2001.0,3.0,6
Lithuania,1998,Chapter 7: Agriculture,560,16,7,28.57142857142857,12.5,-16.07142857142857,2004,7,2002.0,4.0,6
Lithuania,1998,Chapter 8: Fisheries,22,0,1,0.0,45.45454545454545,45.45454545454545,2004,8,2001.0,3.0,6
Lithuania,1998,Chapter 9: Transport policy,297,5,8,16.835016835016834,26.936026936026934,10.1010101010101,2004,9,2001.0,3.0,6
Lithuania,1998,Chapter 10: Taxation,178,1,3,5.617977528089887,16.853932584269664,11.235955056179776,2004,10,2002.0,4.0,6
Lithuania,1998,Chapter 11: Economic and Monetary Union,73,0,1,0.0,13.698630136986301,13.698630136986301,2004,11,2001.0,3.0,6
Lithuania,1998,Chapter 12: Statistics,86,2,1,23.25581395348837,11.627906976744185,-11.627906976744185,2004,12,2000.0,2.0,6
Lithuania,1998,Chapter 13: Social Policy and Employment,238,4,5,16.80672268907563,21.008403361344538,4.201680672268907,2004,13,2001.0,3.0,6
Lithuania,1998,Chapter 14: Energy,639,7,7,10.954616588419405,10.954616588419405,0.0,2004,14,2002.0,4.0,6
Lithuania,1998,Chapter 15: Industry,299,2,5,6.688963210702341,16.72240802675585,10.03344481605351,2004,15,2000.0,2.0,6
Lithuania,1998,Chapter 16: Small and Medium Enterprises,72,0,1,0.0,13.888888888888888,13.888888888888888,2004,16,2000.0,2.0,6
Lithuania,1998,Chapter 17: Science and research,70,0,0,0.0,0.0,0.0,2004,17,2000.0,2.0,6
Lithuania,1998,Chapter 18: Education and Training,77,0,1,0.0,12.987012987012989,12.987012987012989,2004,18,2000.0,2.0,6
Lithuania,1998,Chapter 19: Telecommunications and information technologies,165,1,2,6.0606060606060606,12.121212121212121,6.0606060606060606,2004,19,2001.0,3.0,6
Lithuania,1998,Chapter 20: Culture and audio-visual policy,78,1,2,12.82051282051282,25.64102564102564,12.82051282051282,2004,20,2000.0,2.0,6
Lithuania,1998,Chapter 21: Regional Policy and co-ordination of structural instruments,96,1,3,10.416666666666666,31.25,20.833333333333336,2004,21,2002.0,4.0,6
Lithuania,1998,Chapter 22: Environment,395,5,7,12.658227848101266,17.721518987341774,5.063291139240508,2004,22,2001.0,3.0,6
Lithuania,1998,Chapter 23: Consumers and health protection,102,0,0,0.0,0.0,0.0,2004,23,2001.0,3.0,6
Lithuania,1998,Chapter 24: Co-operation in the field of justice and home affairs,486,20,13,41.1522633744856,26.74897119341564,-14.403292181069961,2004,24,2002.0,4.0,6
Lithuania,1998,Chapter 25: Customs union,161,5,3,31.055900621118013,18.633540372670808,-12.422360248447205,2004,25,2001.0,3.0,6
Lithuania,1998,Chapter 26: External relations,196,2,0,10.204081632653061,0.0,-10.204081632653061,2004,26,2000.0,2.0,6
Lithuania,1998,Chapter 27: Common Foreign and Security Policy,238,0,3,0.0,12.605042016806722,12.605042016806722,2004,27,2000.0,2.0,6
Lithuania,1998,Chapter 28: Financial Control,88,1,0,11.363636363636363,0.0,-11.363636363636363,2004,28,2001.0,3.0,6
Lithuania,1999,Chapter 1: Free movement of Goods,281,4,4,14.234875444839856,14.234875444839856,0.0,2004,1,2001.0,2.0,5
Lithuania,1999,Chapter 2: Free movement of Persons,89,0,1,0.0,11.235955056179774,11.235955056179774,2004,2,2001.0,2.0,5
Lithuania,1999,Chapter 3: Freedom to provide services,393,6,7,15.267175572519083,17.811704834605596,2.544529262086513,2004,3,2001.0,2.0,5
Lithuania,1999,Chapter 4: Free movement of capital,91,1,0,10.989010989010989,0.0,-10.989010989010989,2004,4,2001.0,2.0,5
Lithuania,1999,Chapter 6: Competition policy,569,10,11,17.574692442882252,19.332161687170473,1.7574692442882203,2004,6,2001.0,2.0,5
Lithuania,1999,Chapter 7: Agriculture,1063,13,12,12.229539040451552,11.288805268109126,-0.9407337723424263,2004,7,2002.0,3.0,5
Lithuania,1999,Chapter 8: Fisheries,155,3,1,19.35483870967742,6.451612903225806,-12.903225806451614,2004,8,2001.0,2.0,5
Lithuania,1999,Chapter 9: Transport policy,486,5,7,10.2880658436214,14.40329218106996,4.11522633744856,2004,9,2001.0,2.0,5
Lithuania,1999,Chapter 10: Taxation,184,1,2,5.434782608695652,10.869565217391305,5.434782608695652,2004,10,2002.0,3.0,5
Lithuania,1999,Chapter 11: Economic and Monetary Union,180,0,1,0.0,5.555555555555555,5.555555555555555,2004,11,2001.0,2.0,5
Lithuania,1999,Chapter 12: Statistics,202,5,9,24.752475247524753,44.554455445544555,19.801980198019802,2004,12,2000.0,1.0,5
Lithuania,1999,Chapter 13: Social Policy and Employment,476,7,8,14.705882352941176,16.80672268907563,2.100840336134455,2004,13,2001.0,2.0,5
Lithuania,1999,Chapter 14: Energy,1372,18,15,13.119533527696793,10.932944606413994,-2.1865889212828,2004,14,2002.0,3.0,5
Lithuania,1999,Chapter 15: Industry,389,12,11,30.848329048843187,28.27763496143959,-2.5706940874035986,2004,15,2000.0,1.0,5
Lithuania,1999,Chapter 16: Small and Medium Enterprises,109,1,4,9.174311926605505,36.69724770642202,27.522935779816514,2004,16,2000.0,1.0,5
Lithuania,1999,Chapter 17: Science and research,93,1,1,10.752688172043012,10.752688172043012,0.0,2004,17,2000.0,1.0,5
Lithuania,1999,Chapter 18: Education and Training,87,0,1,0.0,11.494252873563218,11.494252873563218,2004,18,2000.0,1.0,5
Lithuania,1999,Chapter 19: Telecommunications and information technologies,264,3,3,11.363636363636363,11.363636363636363,0.0,2004,19,2001.0,2.0,5
Lithuania,1999,Chapter 20: Culture and audio-visual policy,37,0,0,0.0,0.0,0.0,2004,20,2000.0,1.0,5
Lithuania,1999,Chapter 21: Regional Policy and co-ordination of structural instruments,422,0,4,0.0,9.47867298578199,9.47867298578199,2004,21,2002.0,3.0,5
Lithuania,1999,Chapter 22: Environment,1024,11,11,10.7421875,10.7421875,0.0,2004,22,2001.0,2.0,5
Lithuania,1999,Chapter 23: Consumers and health protection,120,2,1,16.666666666666668,8.333333333333334,-8.333333333333334,2004,23,2001.0,2.0,5
Lithuania,1999,Chapter 24: Co-operation in the field of justice and home affairs,1129,34,16,30.115146147032775,14.171833480956598,-15.943312666076176,2004,24,2002.0,3.0,5
Lithuania,1999,Chapter 25: Customs union,402,7,8,17.412935323383085,19.90049751243781,2.4875621890547244,2004,25,2001.0,2.0,5
Lithuania,1999,Chapter 26: External relations,185,1,0,5.405405405405405,0.0,-5.405405405405405,2004,26,2000.0,1.0,5
Lithuania,1999,Chapter 27: Common Foreign and Security Policy,211,3,1,14.218009478672984,4.739336492890995,-9.478672985781989,2004,27,2000.0,1.0,5
Lithuania,1999,Chapter 28: Financial Control,287,1,4,3.484320557491289,13.937282229965156,10.452961672473867,2004,28,2001.0,2.0,5
Lithuania,2000,Chapter 1: Free movement of Goods,1645,23,32,13.98176291793313,19.452887537993924,5.4711246200607935,2004,1,2001.0,1.0,4
Lithuania,2000,Chapter 2: Free movement of Persons,598,5,5,8.361204013377925,8.361204013377925,0.0,2004,2,2001.0,1.0,4
Lithuania,2000,Chapter 3: Freedom to provide services,910,9,14,9.89010989010989,15.384615384615385,5.4945054945054945,2004,3,2001.0,1.0,4
Lithuania,2000,Chapter 4: Free movement of capital,511,7,8,13.698630136986301,15.655577299412915,1.956947162426614,2004,4,2001.0,1.0,4
Lithuania,2000,Chapter 5: Company law,1025,20,14,19.51219512195122,13.658536585365853,-5.853658536585366,2004,5,2001.0,1.0,4
Lithuania,2000,Chapter 6: Competition policy,852,10,11,11.737089201877934,12.910798122065728,1.173708920187794,2004,6,2001.0,1.0,4
Lithuania,2000,Chapter 7: Agriculture,2731,13,27,4.760161113145368,9.886488465763456,5.126327352618088,2004,7,2002.0,2.0,4
Lithuania,2000,Chapter 8: Fisheries,718,3,2,4.178272980501393,2.785515320334262,-1.3927576601671308,2004,8,2001.0,1.0,4
Lithuania,2000,Chapter 9: Transport policy,1277,15,18,11.746280344557558,14.095536413469068,2.34925606891151,2004,9,2001.0,1.0,4
Lithuania,2000,Chapter 10: Taxation,508,4,12,7.874015748031496,23.62204724409449,15.748031496062993,2004,10,2002.0,2.0,4
Lithuania,2000,Chapter 11: Economic and Monetary Union,347,0,4,0.0,11.527377521613833,11.527377521613833,2004,11,2001.0,1.0,4
Lithuania,2000,Chapter 12: Statistics,572,4,23,6.993006993006993,40.20979020979021,33.21678321678321,2004,12,2000.0,0.0,4
Lithuania,2000,Chapter 13: Social Policy and Employment,1539,20,18,12.99545159194282,11.695906432748536,-1.2995451591942828,2004,13,2001.0,1.0,4
Lithuania,2000,Chapter 14: Energy,2015,28,19,13.895781637717121,9.429280397022334,-4.466501240694788,2004,14,2002.0,2.0,4
Lithuania,2000,Chapter 15: Industry,1001,33,19,32.96703296703297,18.98101898101898,-13.98601398601399,2004,15,2000.0,0.0,4
Lithuania,2000,Chapter 16: Small and Medium Enterprises,767,11,16,14.341590612777052,20.860495436766623,6.518904823989571,2004,16,2000.0,0.0,4
Lithuania,2000,Chapter 17: Science and research,245,0,5,0.0,20.408163265306122,20.408163265306122,2004,17,2000.0,0.0,4
Lithuania,2000,Chapter 18: Education and Training,397,2,10,5.037783375314861,25.188916876574307,20.151133501259444,2004,18,2000.0,0.0,4
Lithuania,2000,Chapter 19: Telecommunications and information technologies,401,6,5,14.962593516209475,12.468827930174564,-2.493765586034911,2004,19,2001.0,1.0,4
Lithuania,2000,Chapter 20: Culture and audio-visual policy,288,2,5,6.944444444444444,17.36111111111111,10.416666666666668,2004,20,2000.0,0.0,4
Lithuania,2000,Chapter 21: Regional Policy and co-ordination of structural instruments,907,8,16,8.820286659316428,17.640573318632857,8.820286659316428,2004,21,2002.0,2.0,4
Lithuania,2000,Chapter 22: Environment,1265,18,11,14.229249011857707,8.695652173913043,-5.533596837944664,2004,22,2001.0,1.0,4
Lithuania,2000,Chapter 23: Consumers and health protection,601,15,9,24.958402662229616,14.975041597337771,-9.983361064891845,2004,23,2001.0,1.0,4
Lithuania,2000,Chapter 24: Co-operation in the field of justice and home affairs,3466,117,43,33.75649163300635,12.406231967686093,-21.350259665320255,2004,24,2002.0,2.0,4
Lithuania,2000,Chapter 25: Customs union,507,18,5,35.50295857988166,9.861932938856016,-25.641025641025642,2004,25,2001.0,1.0,4
Lithuania,2000,Chapter 26: External relations,478,1,2,2.092050209205021,4.184100418410042,2.092050209205021,2004,26,2000.0,0.0,4
Lithuania,2000,Chapter 27: Common Foreign and Security Policy,449,2,6,4.4543429844097995,13.3630289532294,8.9086859688196,2004,27,2000.0,0.0,4
Lithuania,2000,Chapter 28: Financial Control,943,5,5,5.302226935312832,5.302226935312832,0.0,2004,28,2001.0,1.0,4
Lithuania,2000,Chapter 29: Financial and budgetary provisions,348,1,3,2.8735632183908044,8.620689655172413,5.747126436781608,2004,29,2002.0,2.0,4
Lithuania,2001,Chapter 1: Free movement of Goods,1597,15,29,9.39261114589856,18.15904821540388,8.766437069505322,2004,1,2001.0,0.0,3
Lithuania,2001,Chapter 2: Free movement of Persons,540,3,3,5.555555555555555,5.555555555555555,0.0,2004,2,2001.0,0.0,3
Lithuania,2001,Chapter 3: Freedom to provide services,1263,23,14,18.210609659540776,11.084718923198732,-7.125890736342043,2004,3,2001.0,0.0,3
Lithuania,2001,Chapter 4: Free movement of capital,465,9,11,19.35483870967742,23.655913978494624,4.301075268817204,2004,4,2001.0,0.0,3
Lithuania,2001,Chapter 5: Company law,1365,21,21,15.384615384615385,15.384615384615385,0.0,2004,5,2001.0,0.0,3
Lithuania,2001,Chapter 6: Competition policy,736,17,11,23.09782608695652,14.945652173913045,-8.152173913043475,2004,6,2001.0,0.0,3
Lithuania,2001,Chapter 7: Agriculture,3562,38,38,10.668163952835485,10.668163952835485,0.0,2004,7,2002.0,1.0,3
Lithuania,2001,Chapter 8: Fisheries,1003,13,12,12.961116650049851,11.964107676969093,-0.9970089730807583,2004,8,2001.0,0.0,3
Lithuania,2001,Chapter 9: Transport policy,1358,18,23,13.254786450662738,16.936671575846834,3.6818851251840954,2004,9,2001.0,0.0,3
Lithuania,2001,Chapter 10: Taxation,717,11,9,15.341701534170154,12.552301255230125,-2.789400278940029,2004,10,2002.0,1.0,3
Lithuania,2001,Chapter 11: Economic and Monetary Union,396,2,5,5.050505050505051,12.626262626262626,7.575757575757575,2004,11,2001.0,0.0,3
Lithuania,2001,Chapter 12: Statistics,563,2,14,3.552397868561279,24.866785079928952,21.314387211367674,2004,12,2000.0,-1.0,3
Lithuania,2001,Chapter 13: Social Policy and Employment,1670,20,22,11.976047904191617,13.173652694610778,1.1976047904191613,2004,13,2001.0,0.0,3
Lithuania,2001,Chapter 14: Energy,2361,43,41,18.212621770436254,17.36552308343922,-0.8470986869970325,2004,14,2002.0,1.0,3
Lithuania,2001,Chapter 15: Industry,919,28,22,30.46789989118607,23.939064200217626,-6.528835690968446,2004,15,2000.0,-1.0,3
Lithuania,2001,Chapter 16: Small and Medium Enterprises,735,11,19,14.965986394557822,25.85034013605442,10.884353741496598,2004,16,2000.0,-1.0,3
Lithuania,2001,Chapter 17: Science and research,463,1,8,2.1598272138228944,17.278617710583156,15.118790496760262,2004,17,2000.0,-1.0,3
Lithuania,2001,Chapter 18: Education and Training,143,0,3,0.0,20.97902097902098,20.97902097902098,2004,18,2000.0,-1.0,3
Lithuania,2001,Chapter 19: Telecommunications and information technologies,376,5,9,13.297872340425531,23.93617021276596,10.638297872340427,2004,19,2001.0,0.0,3
Lithuania,2001,Chapter 20: Culture and audio-visual policy,478,2,4,4.184100418410042,8.368200836820083,4.184100418410042,2004,20,2000.0,-1.0,3
Lithuania,2001,Chapter 21: Regional Policy and co-ordination of structural instruments,1458,9,19,6.172839506172839,13.031550068587105,6.858710562414266,2004,21,2002.0,1.0,3
Lithuania,2001,Chapter 22: Environment,2083,22,19,10.561689870379261,9.121459433509362,-1.4402304368699,2004,22,2001.0,0.0,3
Lithuania,2001,Chapter 23: Consumers and health protection,519,8,4,15.414258188824663,7.707129094412331,-7.707129094412331,2004,23,2001.0,0.0,3
Lithuania,2001,Chapter 24: Co-operation in the field of justice and home affairs,3177,108,44,33.9943342776204,13.849543594586088,-20.144790683034316,2004,24,2002.0,1.0,3
Lithuania,2001,Chapter 25: Customs union,905,32,16,35.35911602209945,17.679558011049725,-17.679558011049725,2004,25,2001.0,0.0,3
Lithuania,2001,Chapter 26: External relations,700,3,3,4.285714285714286,4.285714285714286,0.0,2004,26,2000.0,-1.0,3
Lithuania,2001,Chapter 27: Common Foreign and Security Policy,450,3,6,6.666666666666667,13.333333333333334,6.666666666666667,2004,27,2000.0,-1.0,3
Lithuania,2001,Chapter 28: Financial Control,890,5,11,5.617977528089887,12.359550561797754,6.7415730337078665,2004,28,2001.0,0.0,3
Lithuania,2001,Chapter 29: Financial and budgetary provisions,846,4,18,4.7281323877068555,21.27659574468085,16.548463356973997,2004,29,2002.0,1.0,3
Lithuania,2002,Chapter 1: Free movement of Goods,1759,14,31,7.959067652075044,17.62364980102331,9.664582148948265,2004,1,2001.0,-1.0,2
Lithuania,2002,Chapter 2: Free movement of Persons,1044,5,17,4.7892720306513406,16.28352490421456,11.49425287356322,2004,2,2001.0,-1.0,2
Lithuania,2002,Chapter 3: Freedom to provide services,1366,13,24,9.51683748169839,17.569546120058565,8.052708638360174,2004,3,2001.0,-1.0,2
Lithuania,2002,Chapter 4: Free movement of capital,822,28,16,34.0632603406326,19.464720194647203,-14.5985401459854,2004,4,2001.0,-1.0,2
Lithuania,2002,Chapter 5: Company law,1241,29,20,23.368251410153103,16.116035455278,-7.252215954875105,2004,5,2001.0,-1.0,2
Lithuania,2002,Chapter 6: Competition policy,844,22,15,26.066350710900473,17.77251184834123,-8.293838862559241,2004,6,2001.0,-1.0,2
Lithuania,2002,Chapter 7: Agriculture,4121,26,40,6.309148264984227,9.70638194612958,3.3972336811453534,2004,7,2002.0,0.0,2
Lithuania,2002,Chapter 8: Fisheries,878,5,13,5.694760820045558,14.806378132118452,9.111617312072894,2004,8,2001.0,-1.0,2
Lithuania,2002,Chapter 9: Transport policy,1445,15,29,10.380622837370241,20.069204152249135,9.688581314878894,2004,9,2001.0,-1.0,2
Lithuania,2002,Chapter 10: Taxation,1126,26,20,23.090586145648313,17.761989342806395,-5.328596802841918,2004,10,2002.0,0.0,2
Lithuania,2002,Chapter 11: Economic and Monetary Union,544,6,5,11.029411764705882,9.191176470588236,-1.8382352941176467,2004,11,2001.0,-1.0,2
Lithuania,2002,Chapter 12: Statistics,696,9,15,12.931034482758621,21.551724137931036,8.620689655172415,2004,12,2000.0,-2.0,2
Lithuania,2002,Chapter 13: Social Policy and Employment,2242,30,44,13.380909901873327,19.625334522747547,6.24442462087422,2004,13,2001.0,-1.0,2
Lithuania,2002,Chapter 14: Energy,3039,42,50,13.820335636722607,16.452780519907865,2.632444883185258,2004,14,2002.0,0.0,2
Lithuania,2002,Chapter 15: Industry,1477,32,34,21.665538253215978,23.019634394041976,1.3540961408259982,2004,15,2000.0,-2.0,2
Lithuania,2002,Chapter 16: Small and Medium Enterprises,1032,6,34,5.813953488372093,32.94573643410853,27.13178294573644,2004,16,2000.0,-2.0,2
Lithuania,2002,Chapter 17: Science and research,465,3,11,6.451612903225806,23.655913978494624,17.204301075268816,2004,17,2000.0,-2.0,2
Lithuania,2002,Chapter 18: Education and Training,383,2,7,5.221932114882507,18.276762402088774,13.054830287206268,2004,18,2000.0,-2.0,2
Lithuania,2002,Chapter 19: Telecommunications and information technologies,695,3,18,4.316546762589928,25.899280575539567,21.58273381294964,2004,19,2001.0,-1.0,2
Lithuania,2002,Chapter 20: Culture and audio-visual policy,577,6,11,10.398613518197575,19.064124783362217,8.665511265164643,2004,20,2000.0,-2.0,2
Lithuania,2002,Chapter 21: Regional Policy and co-ordination of structural instruments,1628,6,33,3.6855036855036856,20.27027027027027,16.584766584766584,2004,21,2002.0,0.0,2
Lithuania,2002,Chapter 22: Environment,2445,24,42,9.815950920245399,17.177914110429448,7.361963190184049,2004,22,2001.0,-1.0,2
Lithuania,2002,Chapter 23: Consumers and health protection,879,16,14,18.20250284414107,15.927189988623434,-2.275312855517635,2004,23,2001.0,-1.0,2
Lithuania,2002,Chapter 24: Co-operation in the field of justice and home affairs,4738,164,64,34.613761080624734,13.507809202195018,-21.105951878429714,2004,24,2002.0,0.0,2
Lithuania,2002,Chapter 25: Customs union,945,23,15,24.33862433862434,15.873015873015872,-8.465608465608467,2004,25,2001.0,-1.0,2
Lithuania,2002,Chapter 26: External relations,888,14,6,15.765765765765764,6.756756756756757,-9.009009009009006,2004,26,2000.0,-2.0,2
Lithuania,2002,Chapter 27: Common Foreign and Security Policy,709,8,10,11.283497884344147,14.104372355430185,2.8208744710860376,2004,27,2000.0,-2.0,2
Lithuania,2002,Chapter 28: Financial Control,1115,11,17,9.865470852017937,15.246636771300448,5.381165919282511,2004,28,2001.0,-1.0,2
Lithuania,2002,Chapter 29: Financial and budgetary provisions,1548,6,31,3.875968992248062,20.02583979328165,16.14987080103359,2004,29,2002.0,0.0,2
Bulgaria,1998,Chapter 1: Free movement of Goods,147,2,3,13.605442176870747,20.408163265306122,6.802721088435375,2007,1,2002.0,4.0,9
Bulgaria,1998,Chapter 2: Free movement of Persons,116,0,4,0.0,34.48275862068965,34.48275862068965,2007,2,2002.0,4.0,9
Bulgaria,1998,Chapter 3: Freedom to provide services,382,8,5,20.942408376963353,13.089005235602095,-7.853403141361259,2007,3,2001.0,3.0,9
Bulgaria,1998,Chapter 4: Free movement of capital,132,2,1,15.151515151515152,7.575757575757576,-7.575757575757576,2007,4,2001.0,3.0,9
Bulgaria,1998,Chapter 6: Competition policy,394,3,4,7.614213197969543,10.15228426395939,2.538071065989846,2007,6,2004.0,6.0,9
Bulgaria,1998,Chapter 7: Agriculture,637,16,8,25.11773940345369,12.558869701726845,-12.558869701726845,2007,7,2004.0,6.0,9
Bulgaria,1998,Chapter 8: Fisheries,99,0,1,0.0,10.101010101010102,10.101010101010102,2007,8,2001.0,3.0,9
Bulgaria,1998,Chapter 9: Transport policy,301,0,4,0.0,13.289036544850498,13.289036544850498,2007,9,2003.0,5.0,9
Bulgaria,1998,Chapter 10: Taxation,168,2,2,11.904761904761903,11.904761904761903,0.0,2007,10,2002.0,4.0,9
Bulgaria,1998,Chapter 11: Economic and Monetary Union,142,4,6,28.169014084507044,42.25352112676056,14.084507042253517,2007,11,2002.0,4.0,9
Bulgaria,1998,Chapter 12: Statistics,116,0,5,0.0,43.10344827586207,43.10344827586207,2007,12,2000.0,2.0,9
Bulgaria,1998,Chapter 13: Social Policy and Employment,609,17,9,27.914614121510674,14.778325123152708,-13.136288998357966,2007,13,2002.0,4.0,9
Bulgaria,1998,Chapter 14: Energy,577,11,12,19.064124783362217,20.79722703639515,1.733102253032932,2007,14,2002.0,4.0,9
Bulgaria,1998,Chapter 15: Industry,400,15,4,37.5,10.0,-27.5,2007,15,2001.0,3.0,9
Bulgaria,1998,Chapter 16: Small and Medium Enterprises,175,2,3,11.428571428571429,17.142857142857142,5.7142857142857135,2007,16,2000.0,2.0,9
Bulgaria,1998,Chapter 17: Science and research,40,0,0,0.0,0.0,0.0,2007,17,2000.0,2.0,9
Bulgaria,1998,Chapter 18: Education and Training,120,0,0,0.0,0.0,0.0,2007,18,2000.0,2.0,9
Bulgaria,1998,Chapter 19: Telecommunications and information technologies,113,1,1,8.849557522123893,8.849557522123893,0.0,2007,19,2001.0,3.0,9
Bulgaria,1998,Chapter 20: Culture and audio-visual policy,109,3,1,27.522935779816514,9.174311926605505,-18.34862385321101,2007,20,2000.0,2.0,9
Bulgaria,1998,Chapter 21: Regional Policy and co-ordination of structural instruments,191,3,7,15.706806282722512,36.64921465968586,20.94240837696335,2007,21,2004.0,6.0,9
Bulgaria,1998,Chapter 22: Environment,438,7,8,15.981735159817351,18.2648401826484,2.283105022831048,2007,22,2003.0,5.0,9
Bulgaria,1998,Chapter 23: Consumers and health protection,81,0,2,0.0,24.691358024691358,24.691358024691358,2007,23,2000.0,2.0,9
Bulgaria,1998,Chapter 24: Co-operation in the field of justice and home affairs,750,15,9,20.0,12.0,-8.0,2007,24,2003.0,5.0,9
Bulgaria,1998,Chapter 25: Customs union,398,3,6,7.537688442211055,15.07537688442211,7.537688442211055,2007,25,2002.0,4.0,9
Bulgaria,1998,Chapter 26: External relations,164,0,0,0.0,0.0,0.0,2007,26,2000.0,2.0,9
Bulgaria,1998,Chapter 27: Common Foreign and Security Policy,241,1,9,4.149377593360996,37.344398340248965,33.19502074688797,2007,27,2000.0,2.0,9
Bulgaria,1998,Chapter 28: Financial Control,219,10,4,45.662100456621005,18.2648401826484,-27.397260273972606,2007,28,2002.0,4.0,9
Bulgaria,1999,Chapter 1: Free movement of Goods,279,2,2,7.168458781362007,7.168458781362007,0.0,2007,1,2002.0,3.0,8
Bulgaria,1999,Chapter 2: Free movement of Persons,114,1,2,8.771929824561402,17.543859649122805,8.771929824561402,2007,2,2002.0,3.0,8
Bulgaria,1999,Chapter 3: Freedom to provide services,551,9,10,16.33393829401089,18.148820326678766,1.814882032667878,2007,3,2001.0,2.0,8
Bulgaria,1999,Chapter 4: Free movement of capital,126,3,0,23.809523809523807,0.0,-23.809523809523807,2007,4,2001.0,2.0,8
Bulgaria,1999,Chapter 6: Competition policy,245,0,2,0.0,8.16326530612245,8.16326530612245,2007,6,2004.0,5.0,8
Bulgaria,1999,Chapter 7: Agriculture,1268,14,18,11.041009463722398,14.195583596214512,3.1545741324921135,2007,7,2004.0,5.0,8
Bulgaria,1999,Chapter 8: Fisheries,314,2,2,6.369426751592357,6.369426751592357,0.0,2007,8,2001.0,2.0,8
Bulgaria,1999,Chapter 9: Transport policy,549,7,8,12.750455373406194,14.571948998178506,1.8214936247723124,2007,9,2003.0,4.0,8
Bulgaria,1999,Chapter 10: Taxation,231,3,3,12.987012987012989,12.987012987012989,0.0,2007,10,2002.0,3.0,8
Bulgaria,1999,Chapter 11: Economic and Monetary Union,126,0,2,0.0,15.873015873015872,15.873015873015872,2007,11,2002.0,3.0,8
Bulgaria,1999,Chapter 12: Statistics,303,3,10,9.900990099009901,33.003300330033,23.102310231023097,2007,12,2000.0,1.0,8
Bulgaria,1999,Chapter 13: Social Policy and Employment,712,15,8,21.06741573033708,11.235955056179774,-9.831460674157304,2007,13,2002.0,3.0,8
Bulgaria,1999,Chapter 14: Energy,1598,29,19,18.147684605757195,11.889862327909889,-6.257822277847307,2007,14,2002.0,3.0,8
Bulgaria,1999,Chapter 15: Industry,348,8,9,22.988505747126435,25.862068965517242,2.8735632183908066,2007,15,2001.0,2.0,8
Bulgaria,1999,Chapter 16: Small and Medium Enterprises,205,1,6,4.878048780487805,29.26829268292683,24.390243902439025,2007,16,2000.0,1.0,8
Bulgaria,1999,Chapter 17: Science and research,136,1,1,7.352941176470588,7.352941176470588,0.0,2007,17,2000.0,1.0,8
Bulgaria,1999,Chapter 18: Education and Training,156,0,2,0.0,12.82051282051282,12.82051282051282,2007,18,2000.0,1.0,8
Bulgaria,1999,Chapter 19: Telecommunications and information technologies,286,0,3,0.0,10.48951048951049,10.48951048951049,2007,19,2001.0,2.0,8
Bulgaria,1999,Chapter 20: Culture and audio-visual policy,129,3,2,23.25581395348837,15.503875968992247,-7.751937984496124,2007,20,2000.0,1.0,8
Bulgaria,1999,Chapter 21: Regional Policy and co-ordination of structural instruments,370,1,3,2.7027027027027026,8.108108108108109,5.405405405405406,2007,21,2004.0,5.0,8
Bulgaria,1999,Chapter 22: Environment,597,10,6,16.75041876046901,10.050251256281408,-6.700167504187602,2007,22,2003.0,4.0,8
Bulgaria,1999,Chapter 23: Consumers and health protection,128,1,3,7.8125,23.4375,15.625,2007,23,2000.0,1.0,8
Bulgaria,1999,Chapter 24: Co-operation in the field of justice and home affairs,1423,42,25,29.515108924806746,17.568517217146873,-11.946591707659874,2007,24,2003.0,4.0,8
Bulgaria,1999,Chapter 25: Customs union,252,6,2,23.809523809523807,7.936507936507936,-15.87301587301587,2007,25,2002.0,3.0,8
Bulgaria,1999,Chapter 26: External relations,300,6,2,20.0,6.666666666666667,-13.333333333333332,2007,26,2000.0,1.0,8
Bulgaria,1999,Chapter 27: Common Foreign and Security Policy,307,4,5,13.029315960912053,16.286644951140065,3.2573289902280127,2007,27,2000.0,1.0,8
Bulgaria,1999,Chapter 28: Financial Control,373,6,7,16.0857908847185,18.766756032171582,2.680965147453083,2007,28,2002.0,3.0,8
Bulgaria,2000,Chapter 1: Free movement of Goods,766,8,14,10.443864229765014,18.276762402088774,7.832898172323761,2007,1,2002.0,2.0,7
Bulgaria,2000,Chapter 2: Free movement of Persons,430,4,6,9.30232558139535,13.953488372093023,4.651162790697674,2007,2,2002.0,2.0,7
Bulgaria,2000,Chapter 3: Freedom to provide services,464,4,9,8.620689655172413,19.396551724137932,10.77586206896552,2007,3,2001.0,1.0,7
Bulgaria,2000,Chapter 4: Free movement of capital,594,10,7,16.835016835016834,11.784511784511785,-5.050505050505048,2007,4,2001.0,1.0,7
Bulgaria,2000,Chapter 5: Company law,484,5,8,10.330578512396695,16.528925619834713,6.198347107438018,2007,5,2001.0,1.0,7
Bulgaria,2000,Chapter 6: Competition policy,758,19,8,25.065963060686016,10.554089709762533,-14.511873350923484,2007,6,2004.0,4.0,7
Bulgaria,2000,Chapter 7: Agriculture,2505,20,35,7.984031936127744,13.972055888223553,5.9880239520958085,2007,7,2004.0,4.0,7
Bulgaria,2000,Chapter 8: Fisheries,634,7,8,11.041009463722398,12.618296529968454,1.5772870662460559,2007,8,2001.0,1.0,7
Bulgaria,2000,Chapter 9: Transport policy,1148,17,19,14.80836236933798,16.55052264808362,1.7421602787456418,2007,9,2003.0,3.0,7
Bulgaria,2000,Chapter 10: Taxation,561,3,9,5.347593582887701,16.0427807486631,10.695187165775401,2007,10,2002.0,2.0,7
Bulgaria,2000,Chapter 11: Economic and Monetary Union,350,3,4,8.571428571428571,11.428571428571429,2.8571428571428577,2007,11,2002.0,2.0,7
Bulgaria,2000,Chapter 12: Statistics,592,5,20,8.445945945945946,33.78378378378378,25.33783783783784,2007,12,2000.0,0.0,7
Bulgaria,2000,Chapter 13: Social Policy and Employment,1256,28,23,22.292993630573246,18.312101910828027,-3.9808917197452196,2007,13,2002.0,2.0,7
Bulgaria,2000,Chapter 14: Energy,1953,44,30,22.529441884280594,15.360983102918587,-7.168458781362007,2007,14,2002.0,2.0,7
Bulgaria,2000,Chapter 15: Industry,604,21,13,34.7682119205298,21.52317880794702,-13.245033112582782,2007,15,2001.0,1.0,7
Bulgaria,2000,Chapter 16: Small and Medium Enterprises,371,4,7,10.781671159029651,18.867924528301884,8.086253369272233,2007,16,2000.0,0.0,7
Bulgaria,2000,Chapter 17: Science and research,360,1,8,2.7777777777777777,22.22222222222222,19.444444444444443,2007,17,2000.0,0.0,7
Bulgaria,2000,Chapter 18: Education and Training,612,3,12,4.901960784313726,19.607843137254903,14.705882352941178,2007,18,2000.0,0.0,7
Bulgaria,2000,Chapter 19: Telecommunications and information technologies,596,2,9,3.3557046979865772,15.100671140939598,11.744966442953022,2007,19,2001.0,1.0,7
Bulgaria,2000,Chapter 20: Culture and audio-visual policy,272,6,8,22.058823529411764,29.41176470588235,7.352941176470587,2007,20,2000.0,0.0,7
Bulgaria,2000,Chapter 21: Regional Policy and co-ordination of structural instruments,829,5,9,6.031363088057901,10.856453558504223,4.825090470446321,2007,21,2004.0,4.0,7
Bulgaria,2000,Chapter 22: Environment,1284,30,15,23.36448598130841,11.682242990654204,-11.682242990654204,2007,22,2003.0,3.0,7
Bulgaria,2000,Chapter 23: Consumers and health protection,561,11,9,19.607843137254903,16.0427807486631,-3.5650623885918016,2007,23,2000.0,0.0,7
Bulgaria,2000,Chapter 24: Co-operation in the field of justice and home affairs,1893,81,17,42.789223454833596,8.980454305335448,-33.80876914949815,2007,24,2003.0,3.0,7
Bulgaria,2000,Chapter 25: Customs union,710,15,11,21.12676056338028,15.492957746478874,-5.633802816901406,2007,25,2002.0,2.0,7
Bulgaria,2000,Chapter 26: External relations,1037,9,10,8.678881388621022,9.643201542912246,0.9643201542912241,2007,26,2000.0,0.0,7
Bulgaria,2000,Chapter 27: Common Foreign and Security Policy,622,6,19,9.64630225080386,30.54662379421222,20.90032154340836,2007,27,2000.0,0.0,7
Bulgaria,2000,Chapter 28: Financial Control,519,4,11,7.707129094412331,21.19460500963391,13.48747591522158,2007,28,2002.0,2.0,7
Bulgaria,2000,Chapter 29: Financial and budgetary provisions,348,1,9,2.8735632183908044,25.862068965517242,22.98850574712644,2007,29,2004.0,4.0,7
Bulgaria,2001,Chapter 1: Free movement of Goods,1005,9,16,8.955223880597016,15.920398009950247,6.965174129353231,2007,1,2002.0,1.0,6
Bulgaria,2001,Chapter 2: Free movement of Persons,652,5,11,7.668711656441718,16.87116564417178,9.20245398773006,2007,2,2002.0,1.0,6
Bulgaria,2001,Chapter 3: Freedom to provide services,909,12,15,13.201320132013201,16.5016501650165,3.3003300330032985,2007,3,2001.0,0.0,6
Bulgaria,2001,Chapter 4: Free movement of capital,536,21,6,39.17910447761194,11.194029850746269,-27.985074626865675,2007,4,2001.0,0.0,6
Bulgaria,2001,Chapter 5: Company law,698,12,9,17.191977077363898,12.893982808022923,-4.297994269340975,2007,5,2001.0,0.0,6
Bulgaria,2001,Chapter 6: Competition policy,785,9,14,11.464968152866241,17.8343949044586,6.369426751592357,2007,6,2004.0,3.0,6
Bulgaria,2001,Chapter 7: Agriculture,1906,9,20,4.72193074501574,10.49317943336831,5.7712486883525695,2007,7,2004.0,3.0,6
Bulgaria,2001,Chapter 8: Fisheries,622,2,10,3.215434083601286,16.07717041800643,12.861736334405142,2007,8,2001.0,0.0,6
Bulgaria,2001,Chapter 9: Transport policy,1180,18,7,15.254237288135593,5.932203389830509,-9.322033898305085,2007,9,2003.0,2.0,6
Bulgaria,2001,Chapter 10: Taxation,592,8,7,13.513513513513514,11.824324324324325,-1.6891891891891895,2007,10,2002.0,1.0,6
Bulgaria,2001,Chapter 11: Economic and Monetary Union,332,0,1,0.0,3.0120481927710845,3.0120481927710845,2007,11,2002.0,1.0,6
Bulgaria,2001,Chapter 12: Statistics,678,4,15,5.899705014749262,22.123893805309734,16.224188790560472,2007,12,2000.0,-1.0,6
Bulgaria,2001,Chapter 13: Social Policy and Employment,1869,35,41,18.726591760299627,21.936864633493848,3.2102728731942207,2007,13,2002.0,1.0,6
Bulgaria,2001,Chapter 14: Energy,2068,44,37,21.27659574468085,17.891682785299807,-3.384912959381044,2007,14,2002.0,1.0,6
Bulgaria,2001,Chapter 15: Industry,698,16,17,22.922636103151863,24.355300859598852,1.4326647564469894,2007,15,2001.0,0.0,6
Bulgaria,2001,Chapter 16: Small and Medium Enterprises,472,9,7,19.06779661016949,14.830508474576272,-4.23728813559322,2007,16,2000.0,-1.0,6
Bulgaria,2001,Chapter 17: Science and research,375,4,6,10.666666666666666,16.0,5.333333333333334,2007,17,2000.0,-1.0,6
Bulgaria,2001,Chapter 18: Education and Training,537,6,11,11.1731843575419,20.484171322160147,9.310986964618248,2007,18,2000.0,-1.0,6
Bulgaria,2001,Chapter 19: Telecommunications and information technologies,626,5,9,7.987220447284344,14.37699680511182,6.389776357827476,2007,19,2001.0,0.0,6
Bulgaria,2001,Chapter 20: Culture and audio-visual policy,384,6,9,15.625,23.4375,7.8125,2007,20,2000.0,-1.0,6
Bulgaria,2001,Chapter 21: Regional Policy and co-ordination of structural instruments,1057,13,21,12.298959318826869,19.867549668874172,7.5685903500473035,2007,21,2004.0,3.0,6
Bulgaria,2001,Chapter 22: Environment,928,19,15,20.47413793103448,16.163793103448278,-4.310344827586203,2007,22,2003.0,2.0,6
Bulgaria,2001,Chapter 23: Consumers and health protection,802,24,14,29.92518703241895,17.456359102244388,-12.468827930174562,2007,23,2000.0,-1.0,6
Bulgaria,2001,Chapter 24: Co-operation in the field of justice and home affairs,2981,79,30,26.501174102650115,10.063737001006373,-16.43743710164374,2007,24,2003.0,2.0,6
Bulgaria,2001,Chapter 25: Customs union,646,10,14,15.479876160990711,21.671826625387,6.191950464396287,2007,25,2002.0,1.0,6
Bulgaria,2001,Chapter 26: External relations,1022,7,8,6.8493150684931505,7.8277886497064575,0.978473581213307,2007,26,2000.0,-1.0,6
Bulgaria,2001,Chapter 27: Common Foreign and Security Policy,580,4,10,6.896551724137931,17.241379310344826,10.344827586206895,2007,27,2000.0,-1.0,6
Bulgaria,2001,Chapter 28: Financial Control,760,8,9,10.526315789473683,11.842105263157896,1.3157894736842124,2007,28,2002.0,1.0,6
Bulgaria,2001,Chapter 29: Financial and budgetary provisions,676,3,20,4.437869822485207,29.585798816568047,25.14792899408284,2007,29,2004.0,3.0,6
Bulgaria,2002,Chapter 1: Free movement of Goods,1129,9,18,7.971656333038087,15.943312666076174,7.971656333038087,2007,1,2002.0,0.0,5
Bulgaria,2002,Chapter 2: Free movement of Persons,878,6,12,6.83371298405467,13.66742596810934,6.83371298405467,2007,2,2002.0,0.0,5
Bulgaria,2002,Chapter 3: Freedom to provide services,1133,11,20,9.70873786407767,17.6522506619594,7.943512797881731,2007,3,2001.0,-1.0,5
Bulgaria,2002,Chapter 4: Free movement of capital,1037,33,16,31.822565091610418,15.429122468659596,-16.393442622950822,2007,4,2001.0,-1.0,5
Bulgaria,2002,Chapter 5: Company law,902,16,14,17.738359201773836,15.521064301552107,-2.217294900221729,2007,5,2001.0,-1.0,5
Bulgaria,2002,Chapter 6: Competition policy,1116,18,20,16.129032258064516,17.921146953405017,1.7921146953405014,2007,6,2004.0,2.0,5
Bulgaria,2002,Chapter 7: Agriculture,2992,17,44,5.681818181818182,14.705882352941176,9.024064171122994,2007,7,2004.0,2.0,5
Bulgaria,2002,Chapter 8: Fisheries,918,6,14,6.5359477124183005,15.250544662309368,8.714596949891067,2007,8,2001.0,-1.0,5
Bulgaria,2002,Chapter 9: Transport policy,1650,24,26,14.545454545454545,15.757575757575758,1.2121212121212128,2007,9,2003.0,1.0,5
Bulgaria,2002,Chapter 10: Taxation,877,14,19,15.96351197263398,21.664766248574686,5.701254275940707,2007,10,2002.0,0.0,5
Bulgaria,2002,Chapter 11: Economic and Monetary Union,523,9,5,17.208413001912046,9.560229445506693,-7.648183556405353,2007,11,2002.0,0.0,5
Bulgaria,2002,Chapter 12: Statistics,777,3,23,3.8610038610038613,29.6010296010296,25.74002574002574,2007,12,2000.0,-2.0,5
Bulgaria,2002,Chapter 13: Social Policy and Employment,1849,21,26,11.357490535424553,14.061654948620877,2.704164413196324,2007,13,2002.0,0.0,5
Bulgaria,2002,Chapter 14: Energy,2736,39,49,14.254385964912279,17.909356725146196,3.654970760233917,2007,14,2002.0,0.0,5
Bulgaria,2002,Chapter 15: Industry,1074,23,24,21.415270018621975,22.3463687150838,0.9310986964618237,2007,15,2001.0,-1.0,5
Bulgaria,2002,Chapter 16: Small and Medium Enterprises,1036,14,26,13.513513513513514,25.096525096525095,11.583011583011581,2007,16,2000.0,-2.0,5
Bulgaria,2002,Chapter 17: Science and research,467,4,8,8.565310492505354,17.130620985010708,8.565310492505354,2007,17,2000.0,-2.0,5
Bulgaria,2002,Chapter 18: Education and Training,795,9,15,11.320754716981131,18.867924528301884,7.547169811320753,2007,18,2000.0,-2.0,5
Bulgaria,2002,Chapter 19: Telecommunications and information technologies,843,13,20,15.42111506524318,23.724792408066428,8.303677342823248,2007,19,2001.0,-1.0,5
Bulgaria,2002,Chapter 20: Culture and audio-visual policy,531,9,9,16.949152542372882,16.949152542372882,0.0,2007,20,2000.0,-2.0,5
Bulgaria,2002,Chapter 21: Regional Policy and co-ordination of structural instruments,1104,4,15,3.6231884057971016,13.58695652173913,9.96376811594203,2007,21,2004.0,2.0,5
Bulgaria,2002,Chapter 22: Environment,1431,22,39,15.373864430468204,27.253668763102723,11.879804332634519,2007,22,2003.0,1.0,5
Bulgaria,2002,Chapter 23: Consumers and health protection,1015,21,15,20.689655172413794,14.778325123152708,-5.911330049261085,2007,23,2000.0,-2.0,5
Bulgaria,2002,Chapter 24: Co-operation in the field of justice and home affairs,3055,103,45,33.715220949263504,14.729950900163667,-18.98527004909984,2007,24,2003.0,1.0,5
Bulgaria,2002,Chapter 25: Customs union,924,16,28,17.316017316017316,30.303030303030305,12.987012987012989,2007,25,2002.0,0.0,5
Bulgaria,2002,Chapter 26: External relations,955,12,8,12.565445026178011,8.376963350785342,-4.188481675392669,2007,26,2000.0,-2.0,5
Bulgaria,2002,Chapter 27: Common Foreign and Security Policy,721,5,11,6.934812760055479,15.256588072122053,8.321775312066574,2007,27,2000.0,-2.0,5
Bulgaria,2002,Chapter 28: Financial Control,1141,6,21,5.25854513584575,18.404907975460123,13.146362839614373,2007,28,2002.0,0.0,5
Bulgaria,2002,Chapter 29: Financial and budgetary provisions,1010,6,33,5.9405940594059405,32.67326732673268,26.73267326732674,2007,29,2004.0,2.0,5
Bulgaria,2003,Chapter 1: Free movement of Goods,1209,9,21,7.444168734491315,17.3697270471464,9.925558312655086,2007,1,2002.0,-1.0,4
Bulgaria,2003,Chapter 2: Free movement of Persons,770,2,13,2.5974025974025974,16.88311688311688,14.285714285714283,2007,2,2002.0,-1.0,4
Bulgaria,2003,Chapter 3: Freedom to provide services,934,5,19,5.353319057815845,20.342612419700217,14.989293361884371,2007,3,2001.0,-2.0,4
Bulgaria,2003,Chapter 4: Free movement of capital,493,14,7,28.397565922920894,14.198782961460447,-14.198782961460447,2007,4,2001.0,-2.0,4
Bulgaria,2003,Chapter 5: Company law,839,7,12,8.34326579261025,14.302741358760429,5.959475566150179,2007,5,2001.0,-2.0,4
Bulgaria,2003,Chapter 6: Competition policy,998,20,24,20.04008016032064,24.04809619238477,4.008016032064127,2007,6,2004.0,1.0,4
Bulgaria,2003,Chapter 7: Agriculture,3464,23,53,6.63972286374134,15.300230946882216,8.660508083140876,2007,7,2004.0,1.0,4
Bulgaria,2003,Chapter 8: Fisheries,897,6,15,6.688963210702341,16.72240802675585,10.03344481605351,2007,8,2001.0,-2.0,4
Bulgaria,2003,Chapter 9: Transport policy,1617,17,23,10.513296227581941,14.22387136672851,3.7105751391465684,2007,9,2003.0,0.0,4
Bulgaria,2003,Chapter 10: Taxation,807,8,16,9.913258983890954,19.826517967781907,9.913258983890954,2007,10,2002.0,-1.0,4
Bulgaria,2003,Chapter 11: Economic and Monetary Union,660,9,5,13.636363636363635,7.575757575757576,-6.060606060606059,2007,11,2002.0,-1.0,4
Bulgaria,2003,Chapter 12: Statistics,947,7,26,7.391763463569165,27.455121436114045,20.06335797254488,2007,12,2000.0,-3.0,4
Bulgaria,2003,Chapter 13: Social Policy and Employment,2303,32,35,13.894919669995659,15.197568389057752,1.302648719062093,2007,13,2002.0,-1.0,4
Bulgaria,2003,Chapter 14: Energy,1890,32,30,16.931216931216934,15.873015873015872,-1.0582010582010621,2007,14,2002.0,-1.0,4
Bulgaria,2003,Chapter 15: Industry,1027,22,19,21.421616358325217,18.500486854917234,-2.9211295034079825,2007,15,2001.0,-2.0,4
Bulgaria,2003,Chapter 16: Small and Medium Enterprises,797,10,15,12.547051442910917,18.820577164366373,6.2735257214554565,2007,16,2000.0,-3.0,4
Bulgaria,2003,Chapter 17: Science and research,463,5,12,10.79913606911447,25.91792656587473,15.11879049676026,2007,17,2000.0,-3.0,4
Bulgaria,2003,Chapter 18: Education and Training,963,9,13,9.345794392523365,13.499480789200415,4.153686396677051,2007,18,2000.0,-3.0,4
Bulgaria,2003,Chapter 19: Telecommunications and information technologies,862,9,15,10.440835266821345,17.40139211136891,6.960556844547565,2007,19,2001.0,-2.0,4
Bulgaria,2003,Chapter 20: Culture and audio-visual policy,522,6,7,11.494252873563218,13.409961685823756,1.9157088122605384,2007,20,2000.0,-3.0,4
Bulgaria,2003,Chapter 21: Regional Policy and co-ordination of structural instruments,1077,5,25,4.642525533890436,23.212627669452182,18.570102135561747,2007,21,2004.0,1.0,4
Bulgaria,2003,Chapter 22: Environment,1452,17,36,11.707988980716253,24.793388429752067,13.085399449035814,2007,22,2003.0,0.0,4
Bulgaria,2003,Chapter 23: Consumers and health protection,976,19,17,19.4672131147541,17.418032786885245,-2.0491803278688536,2007,23,2000.0,-3.0,4
Bulgaria,2003,Chapter 24: Co-operation in the field of justice and home affairs,4495,150,58,33.370411568409345,12.903225806451612,-20.467185761957733,2007,24,2003.0,0.0,4
Bulgaria,2003,Chapter 25: Customs union,1091,19,21,17.41521539871677,19.24839596700275,1.8331805682859788,2007,25,2002.0,-1.0,4
Bulgaria,2003,Chapter 26: External relations,810,9,9,11.11111111111111,11.11111111111111,0.0,2007,26,2000.0,-3.0,4
Bulgaria,2003,Chapter 27: Common Foreign and Security Policy,728,8,12,10.989010989010989,16.483516483516485,5.494505494505496,2007,27,2000.0,-3.0,4
Bulgaria,2003,Chapter 28: Financial Control,1268,14,19,11.041009463722398,14.98422712933754,3.9432176656151423,2007,28,2002.0,-1.0,4
Bulgaria,2003,Chapter 29: Financial and budgetary provisions,810,6,30,7.407407407407407,37.03703703703704,29.62962962962963,2007,29,2004.0,1.0,4
Bulgaria,2004,Chapter 1: Free movement of Goods,2143,20,26,9.332711152589827,12.132524498366775,2.7998133457769487,2007,1,2002.0,-2.0,3
Bulgaria,2004,Chapter 2: Free movement of Persons,1253,9,15,7.182761372705507,11.971268954509178,4.788507581803671,2007,2,2002.0,-2.0,3
Bulgaria,2004,Chapter 3: Freedom to provide services,1577,13,24,8.243500317057704,15.218769816106532,6.975269499048828,2007,3,2001.0,-3.0,3
Bulgaria,2004,Chapter 4: Free movement of capital,642,20,7,31.152647975077883,10.903426791277258,-20.249221183800625,2007,4,2001.0,-3.0,3
Bulgaria,2004,Chapter 5: Company law,1157,16,18,13.828867761452031,15.557476231633535,1.7286084701815039,2007,5,2001.0,-3.0,3
Bulgaria,2004,Chapter 6: Competition policy,1438,23,41,15.994436717663422,28.51182197496523,12.517385257301807,2007,6,2004.0,0.0,3
Bulgaria,2004,Chapter 7: Agriculture,4279,26,42,6.076186024772143,9.815377424631924,3.7391913998597808,2007,7,2004.0,0.0,3
Bulgaria,2004,Chapter 8: Fisheries,1597,12,15,7.514088916718848,9.39261114589856,1.878522229179712,2007,8,2001.0,-3.0,3
Bulgaria,2004,Chapter 9: Transport policy,1907,22,31,11.536444677503933,16.255899318300997,4.719454640797064,2007,9,2003.0,-1.0,3
Bulgaria,2004,Chapter 10: Taxation,1406,19,20,13.513513513513514,14.22475106685633,0.7112375533428157,2007,10,2002.0,-2.0,3
Bulgaria,2004,Chapter 11: Economic and Monetary Union,707,11,7,15.558698727015559,9.900990099009901,-5.657708628005658,2007,11,2002.0,-2.0,3
Bulgaria,2004,Chapter 12: Statistics,1084,4,23,3.6900369003690034,21.217712177121772,17.527675276752767,2007,12,2000.0,-4.0,3
Bulgaria,2004,Chapter 13: Social Policy and Employment,2546,34,46,13.35428122545169,18.067556952081695,4.713275726630005,2007,13,2002.0,-2.0,3
Bulgaria,2004,Chapter 14: Energy,3192,37,73,11.591478696741854,22.86967418546366,11.278195488721805,2007,14,2002.0,-2.0,3
Bulgaria,2004,Chapter 15: Industry,1440,30,40,20.833333333333332,27.777777777777775,6.944444444444443,2007,15,2001.0,-3.0,3
Bulgaria,2004,Chapter 16: Small and Medium Enterprises,1175,12,35,10.212765957446807,29.787234042553195,19.57446808510639,2007,16,2000.0,-4.0,3
Bulgaria,2004,Chapter 17: Science and research,694,3,14,4.322766570605188,20.172910662824208,15.85014409221902,2007,17,2000.0,-4.0,3
Bulgaria,2004,Chapter 18: Education and Training,802,5,12,6.234413965087282,14.962593516209475,8.728179551122192,2007,18,2000.0,-4.0,3
Bulgaria,2004,Chapter 19: Telecommunications and information technologies,968,20,23,20.66115702479339,23.7603305785124,3.099173553719009,2007,19,2001.0,-3.0,3
Bulgaria,2004,Chapter 20: Culture and audio-visual policy,604,6,13,9.933774834437086,21.52317880794702,11.589403973509933,2007,20,2000.0,-4.0,3
Bulgaria,2004,Chapter 21: Regional Policy and co-ordination of structural instruments,1471,5,29,3.399048266485384,19.714479945615228,16.315431679129844,2007,21,2004.0,0.0,3
Bulgaria,2004,Chapter 22: Environment,1810,22,40,12.154696132596685,22.099447513812155,9.94475138121547,2007,22,2003.0,-1.0,3
Bulgaria,2004,Chapter 23: Consumers and health protection,1208,24,25,19.867549668874172,20.695364238410598,0.8278145695364252,2007,23,2000.0,-4.0,3
Bulgaria,2004,Chapter 24: Co-operation in the field of justice and home affairs,4287,176,62,41.0543503615582,14.462327968276183,-26.592022393282015,2007,24,2003.0,-1.0,3
Bulgaria,2004,Chapter 25: Customs union,1397,28,30,20.042949176807443,21.47458840372226,1.4316392269148182,2007,25,2002.0,-2.0,3
Bulgaria,2004,Chapter 26: External relations,1060,3,12,2.830188679245283,11.320754716981131,8.49056603773585,2007,26,2000.0,-4.0,3
Bulgaria,2004,Chapter 27: Common Foreign and Security Policy,964,9,15,9.336099585062241,15.560165975103734,6.224066390041493,2007,27,2000.0,-4.0,3
Bulgaria,2004,Chapter 28: Financial Control,1396,24,26,17.191977077363898,18.624641833810887,1.4326647564469894,2007,28,2002.0,-2.0,3
Bulgaria,2004,Chapter 29: Financial and budgetary provisions,917,2,25,2.1810250817884405,27.262813522355508,25.081788440567067,2007,29,2004.0,0.0,3
